State,!,!=,%,%=,&,&&,(,),*,*=,+,++,+=,",",-,--,-=,->,.,/,/=,:,;,<,<<,<=,=,==,>,>=,>>,?,BOOL_CONSTANT,FLOAT_CONSTANT,IDENTIFIER,INT_CONSTANT,LOWER_THAN_ELSE,STRING_CONSTANT,[,],^,bool,break,continue,do,dyn,echo,else,float,for,fun,if,int,lambda,list,null,ret,string,type,var,while,{,|,||,},~,$end,anonFunc,arguments,assignment,bitwise_and,bitwise_or,bitwise_xor,block,breakStmt,call_access,comparison,continueStmt,decList,declaration,dowhileStmt,echoStmt,elements,equality,exprStmt,expression,factor,forInit,forStmt,funDecl,function,ifStmt,inTypeDecl,inTypeDeclList,logic_and,logic_or,optExpr,parameters,primary,program,returnStmt,shift,statement,term,ternary,typeDecl,typedVar,unary,varDecl,var_type,whileStmt
0,s12,,,,,,s24,,,,,s10,,,s8,s11,,,,,,,,,,,,,,,,,s5,s2,s3,s1,,s4,s26,,,,s18,s19,s16,,s13,,,s15,s21,s14,,s23,,s6,s22,,s20,s7,s17,s25,,,,s9,,60,,45,51,49,50,43,41,58,53,42,28,29,40,37,,52,34,44,56,,35,31,,36,,,48,47,,,59,27,38,54,33,55,46,30,,57,32,,39
1,r111,r111,r111,r111,r111,r111,r111,r111,r111,r111,r111,r111,r111,r111,r111,r111,r111,r111,r111,r111,r111,r111,r111,r111,r111,r111,r111,r111,r111,r111,r111,r111,r111,r111,r111,r111,r111,r111,r111,r111,r111,r111,r111,r111,r111,r111,r111,r111,r111,r111,r111,r111,r111,r111,r111,r111,r111,r111,r111,r111,r111,r111,r111,r111,r111,r111,r111,,,,,,,,,,,,,,,,,,,,,,,,,,,,,,,,,,,,,,,,,,,,
2,r112,r112,r112,r112,r112,r112,r112,r112,r112,r112,r112,r112,r112,r112,r112,r112,r112,r112,r112,r112,r112,r112,r112,r112,r112,r112,r112,r112,r112,r112,r112,r112,r112,r112,r112,r112,r112,r112,r112,r112,r112,r112,r112,r112,r112,r112,r112,r112,r112,r112,r112,r112,r112,r112,r112,r112,r112,r112,r112,r112,r112,r112,r112,r112,r112,r112,r112,,,,,,,,,,,,,,,,,,,,,,,,,,,,,,,,,,,,,,,,,,,,
3,r114,r114,r114,r114,r114,r114,r114,r114,r114,r114,r114,r114,r114,r114,r114,r114,r114,r114,r114,r114,r114,r114,r114,r114,r114,r114,r114,r114,r114,r114,r114,r114,r114,r114,r114,r114,r114,r114,r114,r114,r114,r114,r114,r114,r114,r114,r114,r114,r114,r114,r114,r114,r114,r114,r114,r114,r114,r114,r114,r114,r114,r114,r114,r114,r114,r114,r114,,,,,,,,,,,,,,,,,,,,,,,,,,,,,,,,,,,,,,,,,,,,
4,r113,r113,r113,r113,r113,r113,r113,r113,r113,r113,r113,r113,r113,r113,r113,r113,r113,r113,r113,r113,r113,r113,r113,r113,r113,r113,r113,r113,r113,r113,r113,r113,r113,r113,r113,r113,r113,r113,r113,r113,r113,r113,r113,r113,r113,r113,r113,r113,r113,r113,r113,r113,r113,r113,r113,r113,r113,r113,r113,r113,r113,r113,r113,r113,r113,r113,r113,,,,,,,,,,,,,,,,,,,,,,,,,,,,,,,,,,,,,,,,,,,,
5,r109,r109,r109,r109,r109,r109,r109,r109,r109,r109,r109,r109,r109,r109,r109,r109,r109,r109,r109,r109,r109,r109,r109,r109,r109,r109,r109,r109,r109,r109,r109,r109,r109,r109,r109,r109,r109,r109,r109,r109,r109,r109,r109,r109,r109,r109,r109,r109,r109,r109,r109,r109,r109,r109,r109,r109,r109,r109,r109,r109,r109,r109,r109,r109,r109,r109,r109,,,,,,,,,,,,,,,,,,,,,,,,,,,,,,,,,,,,,,,,,,,,
6,r110,r110,r110,r110,r110,r110,r110,r110,r110,r110,r110,r110,r110,r110,r110,r110,r110,r110,r110,r110,r110,r110,r110,r110,r110,r110,r110,r110,r110,r110,r110,r110,r110,r110,r110,r110,r110,r110,r110,r110,r110,r110,r110,r110,r110,r110,r110,r110,r110,r110,r110,r110,r110,r110,r110,r110,r110,r110,r110,r110,r110,r110,r110,r110,r110,r110,r110,,,,,,,,,,,,,,,,,,,,,,,,,,,,,,,,,,,,,,,,,,,,
7,,,,,,,,,,,,,,,,,,,,,,,,,,,,,,,,,,,s61,,,,,,,s66,,,,s68,,,s64,,,,s63,,s67,s62,,s65,,,,,,,,,,,,,,,,,,,,,,,,,,,,,,,,,,,,,,,,,,,,,,,,,,,,69,
8,s12,,,,,,s24,,,,,s10,,,s8,s11,,,,,,,,,,,,,,,,,s5,s2,s3,s1,,s4,s26,,,,,,,,,,,,,,,s23,,s6,,,,,,,,,,s9,,60,,,,,,,,71,,,,,,,,,,,,,,,,,,,,,,,59,,,,,,,,,70,,,
9,s12,,,,,,s24,,,,,s10,,,s8,s11,,,,,,,,,,,,,,,,,s5,s2,s3,s1,,s4,s26,,,,,,,,,,,,,,,s23,,s6,,,,,,,,,,s9,,60,,,,,,,,71,,,,,,,,,,,,,,,,,,,,,,,59,,,,,,,,,72,,,
10,s12,,,,,,s24,,,,,s10,,,s8,s11,,,,,,,,,,,,,,,,,s5,s2,s3,s1,,s4,s26,,,,,,,,,,,,,,,s23,,s6,,,,,,,,,,s9,,60,,,,,,,,71,,,,,,,,,,,,,,,,,,,,,,,59,,,,,,,,,73,,,
11,s12,,,,,,s24,,,,,s10,,,s8,s11,,,,,,,,,,,,,,,,,s5,s2,s3,s1,,s4,s26,,,,,,,,,,,,,,,s23,,s6,,,,,,,,,,s9,,60,,,,,,,,71,,,,,,,,,,,,,,,,,,,,,,,59,,,,,,,,,74,,,
12,s12,,,,,,s24,,,,,s10,,,s8,s11,,,,,,,,,,,,,,,,,s5,s2,s3,s1,,s4,s26,,,,,,,,,,,,,,,s23,,s6,,,,,,,,,,s9,,60,,,,,,,,71,,,,,,,,,,,,,,,,,,,,,,,59,,,,,,,,,75,,,
13,s12,,,,,,s24,,,,,s10,,,s8,s11,,,,,,,,,,,,,,,,,s5,s2,s3,s1,,s4,s26,,,,,,,,,,,,,,,s23,,s6,,,,,,,,,,s9,,60,,45,51,49,50,,,58,53,,,,,,,52,,76,56,,,,,,,,48,47,,,59,,,54,,55,46,,,57,,,
14,,,,,,,s77,,,,,,,,,,,,,,,,,,,,,,,,,,,,,,,,,,,,,,,,,,,,,,,,,,,,,,,,,,,,,,,,,,,,,,,,,,,,,,,,,,,,,,,,,,,,,,,,,,,,,,,,
15,,,,,,,s78,,,,,,,,,,,,,,,,,,,,,,,,,,,,,,,,,,,,,,,,,,,,,,,,,,,,,,,,,,,,,,,,,,,,,,,,,,,,,,,,,,,,,,,,,,,,,,,,,,,,,,,,
16,s12,,,,,,s24,,,,,s10,,,s8,s11,,,,,,,,,,,,,,,,,s5,s2,s3,s1,,s4,s26,,,,s18,s19,s16,,s13,,,s15,,s14,,s23,,s6,s22,,,,s17,s25,,,,s9,,60,,45,51,49,50,43,41,58,53,42,,,40,37,,52,34,44,56,,35,,,36,,,48,47,,,59,,38,54,79,55,46,,,57,,,39
17,,,,,,,s80,,,,,,,,,,,,,,,,,,,,,,,,,,,,,,,,,,,,,,,,,,,,,,,,,,,,,,,,,,,,,,,,,,,,,,,,,,,,,,,,,,,,,,,,,,,,,,,,,,,,,,,,
18,,,,,,,,,,,,,,,,,,,,,,,s81,,,,,,,,,,,,,,,,,,,,,,,,,,,,,,,,,,,,,,,,,,,,,,,,,,,,,,,,,,,,,,,,,,,,,,,,,,,,,,,,,,,,,,,,
19,,,,,,,,,,,,,,,,,,,,,,,s82,,,,,,,,,,,,,,,,,,,,,,,,,,,,,,,,,,,,,,,,,,,,,,,,,,,,,,,,,,,,,,,,,,,,,,,,,,,,,,,,,,,,,,,,
20,,,,,,,,,,,,,,,,,,,,,,,,,,,,,,,,,,,s83,,,,,,,,,,,,,,,,,,,,,,,,,,,,,,,,,,,,,,,,,,,,,,,,,,,,,,,,,,,,,,,,,,,,,,,,,,,,
21,,,,,,,,,,,,,,,,,,,,,,,,,,,,,,,,,,,s84,,,,,,,,,,,,,,,,,,,,,,,,,,,,,,,,,,,,,,,,,,,,,,,,,,,,,,,,,,,,,,,,,,,,,,,,,,,,
22,s12,,,,,,s24,,,,,s10,,,s8,s11,,,,,,,s85,,,,,,,,,,s5,s2,s3,s1,,s4,s26,,,,,,,,,,,,,,,s23,,s6,,,,,,,,,,s9,,60,,45,51,49,50,,,58,53,,,,,,,52,,86,56,,,,,,,,48,47,,,59,,,54,,55,46,,,57,,,
23,,,,,,,s87,,,,,,,,,,,,,,,,,,,,,,,,,,,,,,,,,,,,,,,,,,,,,,,,,,,,,,,,,,,,,,,,,,,,,,,,,,,,,,,,,,,,88,,,,,,,,,,,,,,,,,,,,
24,s12,,,,,,s24,,,,,s10,,,s8,s11,,,,,,,,,,,,,,,,,s5,s2,s3,s1,,s4,s26,,,,,,,,,,,,,,,s23,,s6,,,,,,,,,,s9,,60,,45,51,49,50,,,58,53,,,,,,,52,,89,56,,,,,,,,48,47,,,59,,,54,,55,46,,,57,,,
25,s12,,,,,,s24,,,,,s10,,,s8,s11,,,,,,,,,,,,,,,,,s5,s2,s3,s1,,s4,s26,,,,s18,s19,s16,,s13,,,s15,s21,s14,,s23,,s6,s22,,s20,s7,s17,s25,,,s90,s9,,60,,45,51,49,50,43,41,58,53,42,91,29,40,37,,52,34,44,56,,35,31,,36,,,48,47,,,59,,38,54,33,55,46,30,,57,32,,39
26,s12,,,,,,s24,,,,,s10,,,s8,s11,,,,,,,,,,,,,,,,,s5,s2,s3,s1,,s4,s26,s92,,,,,,,,,,,,,,s23,,s6,,,,,,,,,,s9,,60,,45,51,49,50,,,58,53,,,,,,94,52,,93,56,,,,,,,,48,47,,,59,,,54,,55,46,,,57,,,
27,,,,,,,,,,,,,,,,,,,,,,,,,,,,,,,,,,,,,,,,,,,,,,,,,,,,,,,,,,,,,,,,,,,s95,,,,,,,,,,,,,,,,,,,,,,,,,,,,,,,,,,,,,,,,,,,,
28,s12,r1,r1,r1,r1,r1,s24,r1,r1,r1,r1,s10,r1,r1,s8,s11,r1,r1,r1,r1,r1,r1,r1,r1,r1,r1,r1,r1,r1,r1,r1,r1,s5,s2,s3,s1,r1,s4,s26,r1,r1,r1,s18,s19,s16,r1,s13,r1,r1,s15,s21,s14,r1,s23,r1,s6,s22,r1,s20,s7,s17,s25,r1,r1,r1,s9,r1,60,,45,51,49,50,43,41,58,53,42,,96,40,37,,52,34,44,56,,35,31,,36,,,48,47,,,59,,38,54,33,55,46,30,,57,32,,39
29,r3,r3,r3,r3,r3,r3,r3,r3,r3,r3,r3,r3,r3,r3,r3,r3,r3,r3,r3,r3,r3,r3,r3,r3,r3,r3,r3,r3,r3,r3,r3,r3,r3,r3,r3,r3,r3,r3,r3,r3,r3,r3,r3,r3,r3,r3,r3,r3,r3,r3,r3,r3,r3,r3,r3,r3,r3,r3,r3,r3,r3,r3,r3,r3,r3,r3,r3,,,,,,,,,,,,,,,,,,,,,,,,,,,,,,,,,,,,,,,,,,,,
30,r4,r4,r4,r4,r4,r4,r4,r4,r4,r4,r4,r4,r4,r4,r4,r4,r4,r4,r4,r4,r4,r4,r4,r4,r4,r4,r4,r4,r4,r4,r4,r4,r4,r4,r4,r4,r4,r4,r4,r4,r4,r4,r4,r4,r4,r4,r4,r4,r4,r4,r4,r4,r4,r4,r4,r4,r4,r4,r4,r4,r4,r4,r4,r4,r4,r4,r4,,,,,,,,,,,,,,,,,,,,,,,,,,,,,,,,,,,,,,,,,,,,
31,r5,r5,r5,r5,r5,r5,r5,r5,r5,r5,r5,r5,r5,r5,r5,r5,r5,r5,r5,r5,r5,r5,r5,r5,r5,r5,r5,r5,r5,r5,r5,r5,r5,r5,r5,r5,r5,r5,r5,r5,r5,r5,r5,r5,r5,r5,r5,r5,r5,r5,r5,r5,r5,r5,r5,r5,r5,r5,r5,r5,r5,r5,r5,r5,r5,r5,r5,,,,,,,,,,,,,,,,,,,,,,,,,,,,,,,,,,,,,,,,,,,,
32,r6,r6,r6,r6,r6,r6,r6,r6,r6,r6,r6,r6,r6,r6,r6,r6,r6,r6,r6,r6,r6,r6,r6,r6,r6,r6,r6,r6,r6,r6,r6,r6,r6,r6,r6,r6,r6,r6,r6,r6,r6,r6,r6,r6,r6,r6,r6,r6,r6,r6,r6,r6,r6,r6,r6,r6,r6,r6,r6,r6,r6,r6,r6,r6,r6,r6,r6,,,,,,,,,,,,,,,,,,,,,,,,,,,,,,,,,,,,,,,,,,,,
33,r7,r7,r7,r7,r7,r7,r7,r7,r7,r7,r7,r7,r7,r7,r7,r7,r7,r7,r7,r7,r7,r7,r7,r7,r7,r7,r7,r7,r7,r7,r7,r7,r7,r7,r7,r7,r7,r7,r7,r7,r7,r7,r7,r7,r7,r7,r7,r7,r7,r7,r7,r7,r7,r7,r7,r7,r7,r7,r7,r7,r7,r7,r7,r7,r7,r7,r7,,,,,,,,,,,,,,,,,,,,,,,,,,,,,,,,,,,,,,,,,,,,
34,r30,r30,r30,r30,r30,r30,r30,r30,r30,r30,r30,r30,r30,r30,r30,r30,r30,r30,r30,r30,r30,r30,r30,r30,r30,r30,r30,r30,r30,r30,r30,r30,r30,r30,r30,r30,r30,r30,r30,r30,r30,r30,r30,r30,r30,r30,r30,r30,r30,r30,r30,r30,r30,r30,r30,r30,r30,r30,r30,r30,r30,r30,r30,r30,r30,r30,r30,,,,,,,,,,,,,,,,,,,,,,,,,,,,,,,,,,,,,,,,,,,,
35,r31,r31,r31,r31,r31,r31,r31,r31,r31,r31,r31,r31,r31,r31,r31,r31,r31,r31,r31,r31,r31,r31,r31,r31,r31,r31,r31,r31,r31,r31,r31,r31,r31,r31,r31,r31,r31,r31,r31,r31,r31,r31,r31,r31,r31,r31,r31,r31,r31,r31,r31,r31,r31,r31,r31,r31,r31,r31,r31,r31,r31,r31,r31,r31,r31,r31,r31,,,,,,,,,,,,,,,,,,,,,,,,,,,,,,,,,,,,,,,,,,,,
36,r32,r32,r32,r32,r32,r32,r32,r32,r32,r32,r32,r32,r32,r32,r32,r32,r32,r32,r32,r32,r32,r32,r32,r32,r32,r32,r32,r32,r32,r32,r32,r32,r32,r32,r32,r32,r32,r32,r32,r32,r32,r32,r32,r32,r32,r32,r32,r32,r32,r32,r32,r32,r32,r32,r32,r32,r32,r32,r32,r32,r32,r32,r32,r32,r32,r32,r32,,,,,,,,,,,,,,,,,,,,,,,,,,,,,,,,,,,,,,,,,,,,
37,r33,r33,r33,r33,r33,r33,r33,r33,r33,r33,r33,r33,r33,r33,r33,r33,r33,r33,r33,r33,r33,r33,r33,r33,r33,r33,r33,r33,r33,r33,r33,r33,r33,r33,r33,r33,r33,r33,r33,r33,r33,r33,r33,r33,r33,r33,r33,r33,r33,r33,r33,r33,r33,r33,r33,r33,r33,r33,r33,r33,r33,r33,r33,r33,r33,r33,r33,,,,,,,,,,,,,,,,,,,,,,,,,,,,,,,,,,,,,,,,,,,,
38,r34,r34,r34,r34,r34,r34,r34,r34,r34,r34,r34,r34,r34,r34,r34,r34,r34,r34,r34,r34,r34,r34,r34,r34,r34,r34,r34,r34,r34,r34,r34,r34,r34,r34,r34,r34,r34,r34,r34,r34,r34,r34,r34,r34,r34,r34,r34,r34,r34,r34,r34,r34,r34,r34,r34,r34,r34,r34,r34,r34,r34,r34,r34,r34,r34,r34,r34,,,,,,,,,,,,,,,,,,,,,,,,,,,,,,,,,,,,,,,,,,,,
39,r35,r35,r35,r35,r35,r35,r35,r35,r35,r35,r35,r35,r35,r35,r35,r35,r35,r35,r35,r35,r35,r35,r35,r35,r35,r35,r35,r35,r35,r35,r35,r35,r35,r35,r35,r35,r35,r35,r35,r35,r35,r35,r35,r35,r35,r35,r35,r35,r35,r35,r35,r35,r35,r35,r35,r35,r35,r35,r35,r35,r35,r35,r35,r35,r35,r35,r35,,,,,,,,,,,,,,,,,,,,,,,,,,,,,,,,,,,,,,,,,,,,
40,r36,r36,r36,r36,r36,r36,r36,r36,r36,r36,r36,r36,r36,r36,r36,r36,r36,r36,r36,r36,r36,r36,r36,r36,r36,r36,r36,r36,r36,r36,r36,r36,r36,r36,r36,r36,r36,r36,r36,r36,r36,r36,r36,r36,r36,r36,r36,r36,r36,r36,r36,r36,r36,r36,r36,r36,r36,r36,r36,r36,r36,r36,r36,r36,r36,r36,r36,,,,,,,,,,,,,,,,,,,,,,,,,,,,,,,,,,,,,,,,,,,,
41,r37,r37,r37,r37,r37,r37,r37,r37,r37,r37,r37,r37,r37,r37,r37,r37,r37,r37,r37,r37,r37,r37,r37,r37,r37,r37,r37,r37,r37,r37,r37,r37,r37,r37,r37,r37,r37,r37,r37,r37,r37,r37,r37,r37,r37,r37,r37,r37,r37,r37,r37,r37,r37,r37,r37,r37,r37,r37,r37,r37,r37,r37,r37,r37,r37,r37,r37,,,,,,,,,,,,,,,,,,,,,,,,,,,,,,,,,,,,,,,,,,,,
42,r38,r38,r38,r38,r38,r38,r38,r38,r38,r38,r38,r38,r38,r38,r38,r38,r38,r38,r38,r38,r38,r38,r38,r38,r38,r38,r38,r38,r38,r38,r38,r38,r38,r38,r38,r38,r38,r38,r38,r38,r38,r38,r38,r38,r38,r38,r38,r38,r38,r38,r38,r38,r38,r38,r38,r38,r38,r38,r38,r38,r38,r38,r38,r38,r38,r38,r38,,,,,,,,,,,,,,,,,,,,,,,,,,,,,,,,,,,,,,,,,,,,
43,r39,r39,r39,r39,r39,r39,r39,r39,r39,r39,r39,r39,r39,r39,r39,r39,r39,r39,r39,r39,r39,r39,r39,r39,r39,r39,r39,r39,r39,r39,r39,r39,r39,r39,r39,r39,r39,r39,r39,r39,r39,r39,r39,r39,r39,r39,r39,r39,r39,r39,r39,r39,r39,r39,r39,r39,r39,r39,r39,r39,r39,r39,r39,r39,r39,r39,r39,,,,,,,,,,,,,,,,,,,,,,,,,,,,,,,,,,,,,,,,,,,,
44,,,,,,,,,,,,,,,,,,,,,,,s97,,,,,,,,,,,,,,,,,,,,,,,,,,,,,,,,,,,,,,,,,,,,,,,,,,,,,,,,,,,,,,,,,,,,,,,,,,,,,,,,,,,,,,,,
45,r58,r58,r58,r58,r58,r58,r58,r58,r58,r58,r58,r58,r58,r58,r58,r58,r58,r58,r58,r58,r58,r58,r58,r58,r58,r58,r58,r58,r58,r58,r58,r58,r58,r58,r58,r58,r58,r58,r58,r58,r58,r58,r58,r58,r58,r58,r58,r58,r58,r58,r58,r58,r58,r58,r58,r58,r58,r58,r58,r58,r58,r58,r58,r58,r58,r58,r58,,,,,,,,,,,,,,,,,,,,,,,,,,,,,,,,,,,,,,,,,,,,
46,r65,r65,r65,r65,r65,r65,r65,r65,r65,r65,r65,r65,r65,r65,r65,r65,r65,r65,r65,r65,r65,r65,r65,r65,r65,r65,r65,r65,r65,r65,r65,r65,r65,r65,r65,r65,r65,r65,r65,r65,r65,r65,r65,r65,r65,r65,r65,r65,r65,r65,r65,r65,r65,r65,r65,r65,r65,r65,r65,r65,r65,r65,r65,r65,r65,r65,r65,,,,,,,,,,,,,,,,,,,,,,,,,,,,,,,,,,,,,,,,,,,,
47,r67,r67,r67,r67,r67,r67,r67,r67,r67,r67,r67,r67,r67,r67,r67,r67,r67,r67,r67,r67,r67,r67,r67,r67,r67,r67,r67,r67,r67,r67,r67,s99,r67,r67,r67,r67,r67,r67,r67,r67,r67,r67,r67,r67,r67,r67,r67,r67,r67,r67,r67,r67,r67,r67,r67,r67,r67,r67,r67,r67,r67,r67,r67,s98,r67,r67,r67,,,,,,,,,,,,,,,,,,,,,,,,,,,,,,,,,,,,,,,,,,,,
48,r69,r69,r69,r69,r69,s100,r69,r69,r69,r69,r69,r69,r69,r69,r69,r69,r69,r69,r69,r69,r69,r69,r69,r69,r69,r69,r69,r69,r69,r69,r69,r69,r69,r69,r69,r69,r69,r69,r69,r69,r69,r69,r69,r69,r69,r69,r69,r69,r69,r69,r69,r69,r69,r69,r69,r69,r69,r69,r69,r69,r69,r69,r69,r69,r69,r69,r69,,,,,,,,,,,,,,,,,,,,,,,,,,,,,,,,,,,,,,,,,,,,
49,r71,r71,r71,r71,r71,r71,r71,r71,r71,r71,r71,r71,r71,r71,r71,r71,r71,r71,r71,r71,r71,r71,r71,r71,r71,r71,r71,r71,r71,r71,r71,r71,r71,r71,r71,r71,r71,r71,r71,r71,r71,r71,r71,r71,r71,r71,r71,r71,r71,r71,r71,r71,r71,r71,r71,r71,r71,r71,r71,r71,r71,r71,s101,r71,r71,r71,r71,,,,,,,,,,,,,,,,,,,,,,,,,,,,,,,,,,,,,,,,,,,,
50,r73,r73,r73,r73,r73,r73,r73,r73,r73,r73,r73,r73,r73,r73,r73,r73,r73,r73,r73,r73,r73,r73,r73,r73,r73,r73,r73,r73,r73,r73,r73,r73,r73,r73,r73,r73,r73,r73,r73,r73,s102,r73,r73,r73,r73,r73,r73,r73,r73,r73,r73,r73,r73,r73,r73,r73,r73,r73,r73,r73,r73,r73,r73,r73,r73,r73,r73,,,,,,,,,,,,,,,,,,,,,,,,,,,,,,,,,,,,,,,,,,,,
51,r75,r75,r75,r75,s103,r75,r75,r75,r75,r75,r75,r75,r75,r75,r75,r75,r75,r75,r75,r75,r75,r75,r75,r75,r75,r75,r75,r75,r75,r75,r75,r75,r75,r75,r75,r75,r75,r75,r75,r75,r75,r75,r75,r75,r75,r75,r75,r75,r75,r75,r75,r75,r75,r75,r75,r75,r75,r75,r75,r75,r75,r75,r75,r75,r75,r75,r75,,,,,,,,,,,,,,,,,,,,,,,,,,,,,,,,,,,,,,,,,,,,
52,r77,s104,r77,r77,r77,r77,r77,r77,r77,r77,r77,r77,r77,r77,r77,r77,r77,r77,r77,r77,r77,r77,r77,r77,r77,r77,r77,s105,r77,r77,r77,r77,r77,r77,r77,r77,r77,r77,r77,r77,r77,r77,r77,r77,r77,r77,r77,r77,r77,r77,r77,r77,r77,r77,r77,r77,r77,r77,r77,r77,r77,r77,r77,r77,r77,r77,r77,,,,,,,,,,,,,,,,,,,,,,,,,,,,,,,,,,,,,,,,,,,,
53,r80,r80,r80,r80,r80,r80,r80,r80,r80,r80,r80,r80,r80,r80,r80,r80,r80,r80,r80,r80,r80,r80,r80,s106,r80,s108,r80,r80,s107,s109,r80,r80,r80,r80,r80,r80,r80,r80,r80,r80,r80,r80,r80,r80,r80,r80,r80,r80,r80,r80,r80,r80,r80,r80,r80,r80,r80,r80,r80,r80,r80,r80,r80,r80,r80,r80,r80,,,,,,,,,,,,,,,,,,,,,,,,,,,,,,,,,,,,,,,,,,,,
54,r85,r85,r85,r85,r85,r85,r85,r85,r85,r85,r85,r85,r85,r85,r85,r85,r85,r85,r85,r85,r85,r85,r85,r85,s110,r85,r85,r85,r85,r85,s111,r85,r85,r85,r85,r85,r85,r85,r85,r85,r85,r85,r85,r85,r85,r85,r85,r85,r85,r85,r85,r85,r85,r85,r85,r85,r85,r85,r85,r85,r85,r85,r85,r85,r85,r85,r85,,,,,,,,,,,,,,,,,,,,,,,,,,,,,,,,,,,,,,,,,,,,
55,r88,r88,r88,r88,r88,r88,r88,r88,r88,r88,s112,r88,r88,r88,s113,r88,r88,r88,r88,r88,r88,r88,r88,r88,r88,r88,r88,r88,r88,r88,r88,r88,r88,r88,r88,r88,r88,r88,r88,r88,r88,r88,r88,r88,r88,r88,r88,r88,r88,r88,r88,r88,r88,r88,r88,r88,r88,r88,r88,r88,r88,r88,r88,r88,r88,r88,r88,,,,,,,,,,,,,,,,,,,,,,,,,,,,,,,,,,,,,,,,,,,,
56,r91,r91,s116,r91,r91,r91,r91,r91,s114,r91,r91,r91,r91,r91,r91,r91,r91,r91,r91,s115,r91,r91,r91,r91,r91,r91,r91,r91,r91,r91,r91,r91,r91,r91,r91,r91,r91,r91,r91,r91,r91,r91,r91,r91,r91,r91,r91,r91,r91,r91,r91,r91,r91,r91,r91,r91,r91,r91,r91,r91,r91,r91,r91,r91,r91,r91,r91,,,,,,,,,,,,,,,,,,,,,,,,,,,,,,,,,,,,,,,,,,,,
57,r95,r95,r95,r95,r95,r95,r95,r95,r95,r95,r95,r95,r95,r95,r95,r95,r95,r95,r95,r95,r95,r95,r95,r95,r95,r95,r95,r95,r95,r95,r95,r95,r95,r95,r95,r95,r95,r95,r95,r95,r95,r95,r95,r95,r95,r95,r95,r95,r95,r95,r95,r95,r95,r95,r95,r95,r95,r95,r95,r95,r95,r95,r95,r95,r95,r95,r95,,,,,,,,,,,,,,,,,,,,,,,,,,,,,,,,,,,,,,,,,,,,
58,r101,r101,r101,s122,r101,r101,s125,r101,r101,s120,r101,s123,s118,r101,r101,s124,s119,r101,r101,r101,s121,r101,r101,r101,r101,r101,s117,r101,r101,r101,r101,r101,r101,r101,r101,r101,r101,r101,s126,r101,r101,r101,r101,r101,r101,r101,r101,r101,r101,r101,r101,r101,r101,r101,r101,r101,r101,r101,r101,r101,r101,r101,r101,r101,r101,r101,r101,,,,,,,,,,,,,,,,,,,,,,,,,,,,,,,,,,,,,,,,,,,,
59,r108,r108,r108,r108,r108,r108,r108,r108,r108,r108,r108,r108,r108,r108,r108,r108,r108,r108,r108,r108,r108,r108,r108,r108,r108,r108,r108,r108,r108,r108,r108,r108,r108,r108,r108,r108,r108,r108,r108,r108,r108,r108,r108,r108,r108,r108,r108,r108,r108,r108,r108,r108,r108,r108,r108,r108,r108,r108,r108,r108,r108,r108,r108,r108,r108,r108,r108,,,,,,,,,,,,,,,,,,,,,,,,,,,,,,,,,,,,,,,,,,,,
60,r115,r115,r115,r115,r115,r115,r115,r115,r115,r115,r115,r115,r115,r115,r115,r115,r115,r115,r115,r115,r115,r115,r115,r115,r115,r115,r115,r115,r115,r115,r115,r115,r115,r115,r115,r115,r115,r115,r115,r115,r115,r115,r115,r115,r115,r115,r115,r115,r115,r115,r115,r115,r115,r115,r115,r115,r115,r115,r115,r115,r115,r115,r115,r115,r115,r115,r115,,,,,,,,,,,,,,,,,,,,,,,,,,,,,,,,,,,,,,,,,,,,
61,r22,r22,r22,r22,r22,r22,r22,r22,r22,r22,r22,r22,r22,r22,r22,r22,r22,r22,r22,r22,r22,r22,r22,r22,r22,r22,r22,r22,r22,r22,r22,r22,r22,r22,r22,r22,r22,r22,r22,r22,r22,r22,r22,r22,r22,r22,r22,r22,r22,r22,r22,r22,r22,r22,r22,r22,r22,r22,r22,r22,r22,r22,r22,r22,r22,r22,r22,,,,,,,,,,,,,,,,,,,,,,,,,,,,,,,,,,,,,,,,,,,,
62,r21,r21,r21,r21,r21,r21,r21,r21,r21,r21,r21,r21,r21,r21,r21,r21,r21,r21,r21,r21,r21,r21,r21,r21,r21,r21,r21,r21,r21,r21,r21,r21,r21,r21,r21,r21,r21,r21,r21,r21,r21,r21,r21,r21,r21,r21,r21,r21,r21,r21,r21,r21,r21,r21,r21,r21,r21,r21,r21,r21,r21,r21,r21,r21,r21,r21,r21,,,,,,,,,,,,,,,,,,,,,,,,,,,,,,,,,,,,,,,,,,,,
63,r15,r15,r15,r15,r15,r15,r15,r15,r15,r15,r15,r15,r15,r15,r15,r15,r15,r15,r15,r15,r15,r15,r15,r15,r15,r15,r15,r15,r15,r15,r15,r15,r15,r15,r15,r15,r15,r15,r15,r15,r15,r15,r15,r15,r15,r15,r15,r15,r15,r15,r15,r15,r15,r15,r15,r15,r15,r15,r15,r15,r15,r15,r15,r15,r15,r15,r15,,,,,,,,,,,,,,,,,,,,,,,,,,,,,,,,,,,,,,,,,,,,
64,r16,r16,r16,r16,r16,r16,r16,r16,r16,r16,r16,r16,r16,r16,r16,r16,r16,r16,r16,r16,r16,r16,r16,r16,r16,r16,r16,r16,r16,r16,r16,r16,r16,r16,r16,r16,r16,r16,r16,r16,r16,r16,r16,r16,r16,r16,r16,r16,r16,r16,r16,r16,r16,r16,r16,r16,r16,r16,r16,r16,r16,r16,r16,r16,r16,r16,r16,,,,,,,,,,,,,,,,,,,,,,,,,,,,,,,,,,,,,,,,,,,,
65,r17,r17,r17,r17,r17,r17,r17,r17,r17,r17,r17,r17,r17,r17,r17,r17,r17,r17,r17,r17,r17,r17,r17,r17,r17,r17,r17,r17,r17,r17,r17,r17,r17,r17,r17,r17,r17,r17,r17,r17,r17,r17,r17,r17,r17,r17,r17,r17,r17,r17,r17,r17,r17,r17,r17,r17,r17,r17,r17,r17,r17,r17,r17,r17,r17,r17,r17,,,,,,,,,,,,,,,,,,,,,,,,,,,,,,,,,,,,,,,,,,,,
66,r18,r18,r18,r18,r18,r18,r18,r18,r18,r18,r18,r18,r18,r18,r18,r18,r18,r18,r18,r18,r18,r18,r18,r18,r18,r18,r18,r18,r18,r18,r18,r18,r18,r18,r18,r18,r18,r18,r18,r18,r18,r18,r18,r18,r18,r18,r18,r18,r18,r18,r18,r18,r18,r18,r18,r18,r18,r18,r18,r18,r18,r18,r18,r18,r18,r18,r18,,,,,,,,,,,,,,,,,,,,,,,,,,,,,,,,,,,,,,,,,,,,
67,,,,,,,,,,,,,,,,,,,,,,,,,,,,,,,,,,,,,,,s128,,,,,,,,,,,,,,,,,,,,,,,,,,,,,,,,,,,,,,,,,,,,,,,,,,,,,,,,,,,,,,,,,,,,,,,,
68,r19,r19,r19,r19,r19,r19,r19,r19,r19,r19,r19,r19,r19,r19,r19,r19,r19,r19,r19,r19,r19,r19,r19,r19,r19,r19,r19,r19,r19,r19,r19,r19,r19,r19,r19,r19,r19,r19,r19,r19,r19,r19,r19,r19,r19,r19,r19,r19,r19,r19,r19,r19,r19,r19,r19,r19,r19,r19,r19,r19,r19,r19,r19,r19,r19,r19,r19,,,,,,,,,,,,,,,,,,,,,,,,,,,,,,,,,,,,,,,,,,,,
69,,,,,,,,,,,,,,,,,,,,,,,,,,,,,,,,,,,s129,,,,,,,,,,,,,,,,,,,,,,,,,,,,,,,,,,,,,,,,,,,,,,,,,,,,,,,,,,,,,,,,,,,,,,,,,,,,
70,r98,r98,r98,r98,r98,r98,r98,r98,r98,r98,r98,r98,r98,r98,r98,r98,r98,r98,r98,r98,r98,r98,r98,r98,r98,r98,r98,r98,r98,r98,r98,r98,r98,r98,r98,r98,r98,r98,r98,r98,r98,r98,r98,r98,r98,r98,r98,r98,r98,r98,r98,r98,r98,r98,r98,r98,r98,r98,r98,r98,r98,r98,r98,r98,r98,r98,r98,,,,,,,,,,,,,,,,,,,,,,,,,,,,,,,,,,,,,,,,,,,,
71,r101,r101,r101,r101,r101,r101,s125,r101,r101,r101,r101,s123,r101,r101,r101,s124,r101,r101,r101,r101,r101,r101,r101,r101,r101,r101,r101,r101,r101,r101,r101,r101,r101,r101,r101,r101,r101,r101,s126,r101,r101,r101,r101,r101,r101,r101,r101,r101,r101,r101,r101,r101,r101,r101,r101,r101,r101,r101,r101,r101,r101,r101,r101,r101,r101,r101,r101,,,,,,,,,,,,,,,,,,,,,,,,,,,,,,,,,,,,,,,,,,,,
72,r97,r97,r97,r97,r97,r97,r97,r97,r97,r97,r97,r97,r97,r97,r97,r97,r97,r97,r97,r97,r97,r97,r97,r97,r97,r97,r97,r97,r97,r97,r97,r97,r97,r97,r97,r97,r97,r97,r97,r97,r97,r97,r97,r97,r97,r97,r97,r97,r97,r97,r97,r97,r97,r97,r97,r97,r97,r97,r97,r97,r97,r97,r97,r97,r97,r97,r97,,,,,,,,,,,,,,,,,,,,,,,,,,,,,,,,,,,,,,,,,,,,
73,r99,r99,r99,r99,r99,r99,r99,r99,r99,r99,r99,r99,r99,r99,r99,r99,r99,r99,r99,r99,r99,r99,r99,r99,r99,r99,r99,r99,r99,r99,r99,r99,r99,r99,r99,r99,r99,r99,r99,r99,r99,r99,r99,r99,r99,r99,r99,r99,r99,r99,r99,r99,r99,r99,r99,r99,r99,r99,r99,r99,r99,r99,r99,r99,r99,r99,r99,,,,,,,,,,,,,,,,,,,,,,,,,,,,,,,,,,,,,,,,,,,,
74,r100,r100,r100,r100,r100,r100,r100,r100,r100,r100,r100,r100,r100,r100,r100,r100,r100,r100,r100,r100,r100,r100,r100,r100,r100,r100,r100,r100,r100,r100,r100,r100,r100,r100,r100,r100,r100,r100,r100,r100,r100,r100,r100,r100,r100,r100,r100,r100,r100,r100,r100,r100,r100,r100,r100,r100,r100,r100,r100,r100,r100,r100,r100,r100,r100,r100,r100,,,,,,,,,,,,,,,,,,,,,,,,,,,,,,,,,,,,,,,,,,,,
75,r96,r96,r96,r96,r96,r96,r96,r96,r96,r96,r96,r96,r96,r96,r96,r96,r96,r96,r96,r96,r96,r96,r96,r96,r96,r96,r96,r96,r96,r96,r96,r96,r96,r96,r96,r96,r96,r96,r96,r96,r96,r96,r96,r96,r96,r96,r96,r96,r96,r96,r96,r96,r96,r96,r96,r96,r96,r96,r96,r96,r96,r96,r96,r96,r96,r96,r96,,,,,,,,,,,,,,,,,,,,,,,,,,,,,,,,,,,,,,,,,,,,
76,,,,,,,,,,,,,,,,,,,,,,,s130,,,,,,,,,,,,,,,,,,,,,,,,,,,,,,,,,,,,,,,,,,,,,,,,,,,,,,,,,,,,,,,,,,,,,,,,,,,,,,,,,,,,,,,,
77,s12,,,,,,s24,,,,,s10,,,s8,s11,,,,,,,,,,,,,,,,,s5,s2,s3,s1,,s4,s26,,,,,,,,,,,,,,,s23,,s6,,,,,,,,,,s9,,60,,45,51,49,50,,,58,53,,,,,,,52,,131,56,,,,,,,,48,47,,,59,,,54,,55,46,,,57,,,
78,s12,,,,,,s24,,,,,s10,,,s8,s11,,,,,,,s132,,,,,,,,,,s5,s2,s3,s1,,s4,s26,,,,,,,,,,,,,,,s23,,s6,,,,s7,,,,,,s9,,60,,45,51,49,50,,,58,53,,,,,,,52,134,44,56,135,,,,,,,48,47,,,59,,,54,,55,46,,,57,133,,
79,,,,,,,,,,,,,,,,,,,,,,,,,,,,,,,,,,,,,,,,,,,,,,,,,,,,,,,,,,,,,s136,,,,,,,,,,,,,,,,,,,,,,,,,,,,,,,,,,,,,,,,,,,,,,,,,,
80,s12,,,,,,s24,,,,,s10,,,s8,s11,,,,,,,,,,,,,,,,,s5,s2,s3,s1,,s4,s26,,,,,,,,,,,,,,,s23,,s6,,,,,,,,,,s9,,60,,45,51,49,50,,,58,53,,,,,,,52,,137,56,,,,,,,,48,47,,,59,,,54,,55,46,,,57,,,
81,r54,r54,r54,r54,r54,r54,r54,r54,r54,r54,r54,r54,r54,r54,r54,r54,r54,r54,r54,r54,r54,r54,r54,r54,r54,r54,r54,r54,r54,r54,r54,r54,r54,r54,r54,r54,r54,r54,r54,r54,r54,r54,r54,r54,r54,r54,r54,r54,r54,r54,r54,r54,r54,r54,r54,r54,r54,r54,r54,r54,r54,r54,r54,r54,r54,r54,r54,,,,,,,,,,,,,,,,,,,,,,,,,,,,,,,,,,,,,,,,,,,,
82,r55,r55,r55,r55,r55,r55,r55,r55,r55,r55,r55,r55,r55,r55,r55,r55,r55,r55,r55,r55,r55,r55,r55,r55,r55,r55,r55,r55,r55,r55,r55,r55,r55,r55,r55,r55,r55,r55,r55,r55,r55,r55,r55,r55,r55,r55,r55,r55,r55,r55,r55,r55,r55,r55,r55,r55,r55,r55,r55,r55,r55,r55,r55,r55,r55,r55,r55,,,,,,,,,,,,,,,,,,,,,,,,,,,,,,,,,,,,,,,,,,,,
83,,,,,,,,,,,,,,,,,,,,,,,,,,,,,,,,,,,,,,,,,,,,,,,,,,,,,,,,,,,,,,s138,,,,,,,,,,,,,,,,,,,,,,,,,,,,,,,,,,,,,,,,,,,,,,,,,
84,,,,,,,s87,,,,,,,,,,,,,,,,,,,,,,,,,,,,,,,,,,,,,,,,,,,,,,,,,,,,,,,,,,,,,,,,,,,,,,,,,,,,,,,,,,,,139,,,,,,,,,,,,,,,,,,,,
85,r51,r51,r51,r51,r51,r51,r51,r51,r51,r51,r51,r51,r51,r51,r51,r51,r51,r51,r51,r51,r51,r51,r51,r51,r51,r51,r51,r51,r51,r51,r51,r51,r51,r51,r51,r51,r51,r51,r51,r51,r51,r51,r51,r51,r51,r51,r51,r51,r51,r51,r51,r51,r51,r51,r51,r51,r51,r51,r51,r51,r51,r51,r51,r51,r51,r51,r51,,,,,,,,,,,,,,,,,,,,,,,,,,,,,,,,,,,,,,,,,,,,
86,,,,,,,,,,,,,,,,,,,,,,,s140,,,,,,,,,,,,,,,,,,,,,,,,,,,,,,,,,,,,,,,,,,,,,,,,,,,,,,,,,,,,,,,,,,,,,,,,,,,,,,,,,,,,,,,,
87,,,,,,,,s142,,,,,,,,,,,,,,,,,,,,,,,,,,,s141,,,,,,,,,,,,,,,,,,,,,,,,,,,,,,,,,,,,,,,,,,,,,,,,,,,,,,,,,,,,,,,143,,,,,,,,,144,,,,
88,r119,r119,r119,r119,r119,r119,r119,r119,r119,r119,r119,r119,r119,r119,r119,r119,r119,r119,r119,r119,r119,r119,r119,r119,r119,r119,r119,r119,r119,r119,r119,r119,r119,r119,r119,r119,r119,r119,r119,r119,r119,r119,r119,r119,r119,r119,r119,r119,r119,r119,r119,r119,r119,r119,r119,r119,r119,r119,r119,r119,r119,r119,r119,r119,r119,r119,r119,,,,,,,,,,,,,,,,,,,,,,,,,,,,,,,,,,,,,,,,,,,,
89,,,,,,,,s145,,,,,,,,,,,,,,,,,,,,,,,,,,,,,,,,,,,,,,,,,,,,,,,,,,,,,,,,,,,,,,,,,,,,,,,,,,,,,,,,,,,,,,,,,,,,,,,,,,,,,,,
90,r57,r57,r57,r57,r57,r57,r57,r57,r57,r57,r57,r57,r57,r57,r57,r57,r57,r57,r57,r57,r57,r57,r57,r57,r57,r57,r57,r57,r57,r57,r57,r57,r57,r57,r57,r57,r57,r57,r57,r57,r57,r57,r57,r57,r57,r57,r57,r57,r57,r57,r57,r57,r57,r57,r57,r57,r57,r57,r57,r57,r57,r57,r57,r57,r57,r57,r57,,,,,,,,,,,,,,,,,,,,,,,,,,,,,,,,,,,,,,,,,,,,
91,s12,,,,,,s24,,,,,s10,,,s8,s11,,,,,,,,,,,,,,,,,s5,s2,s3,s1,,s4,s26,,,,s18,s19,s16,,s13,,,s15,s21,s14,,s23,,s6,s22,,s20,s7,s17,s25,,,s146,s9,,60,,45,51,49,50,43,41,58,53,42,,96,40,37,,52,34,44,56,,35,31,,36,,,48,47,,,59,,38,54,33,55,46,30,,57,32,,39
92,r118,r118,r118,r118,r118,r118,r118,r118,r118,r118,r118,r118,r118,r118,r118,r118,r118,r118,r118,r118,r118,r118,r118,r118,r118,r118,r118,r118,r118,r118,r118,r118,r118,r118,r118,r118,r118,r118,r118,r118,r118,r118,r118,r118,r118,r118,r118,r118,r118,r118,r118,r118,r118,r118,r118,r118,r118,r118,r118,r118,r118,r118,r118,r118,r118,r118,r118,,,,,,,,,,,,,,,,,,,,,,,,,,,,,,,,,,,,,,,,,,,,
93,r123,r123,r123,r123,r123,r123,r123,r123,r123,r123,r123,r123,r123,r123,r123,r123,r123,r123,r123,r123,r123,r123,r123,r123,r123,r123,r123,r123,r123,r123,r123,r123,r123,r123,r123,r123,r123,r123,r123,r123,r123,r123,r123,r123,r123,r123,r123,r123,r123,r123,r123,r123,r123,r123,r123,r123,r123,r123,r123,r123,r123,r123,r123,r123,r123,r123,r123,,,,,,,,,,,,,,,,,,,,,,,,,,,,,,,,,,,,,,,,,,,,
94,,,,,,,,,,,,,,s148,,,,,,,,,,,,,,,,,,,,,,,,,,s147,,,,,,,,,,,,,,,,,,,,,,,,,,,,,,,,,,,,,,,,,,,,,,,,,,,,,,,,,,,,,,,,,,,,,,,
95,acc,acc,acc,acc,acc,acc,acc,acc,acc,acc,acc,acc,acc,acc,acc,acc,acc,acc,acc,acc,acc,acc,acc,acc,acc,acc,acc,acc,acc,acc,acc,acc,acc,acc,acc,acc,acc,acc,acc,acc,acc,acc,acc,acc,acc,acc,acc,acc,acc,acc,acc,acc,acc,acc,acc,acc,acc,acc,acc,acc,acc,acc,acc,acc,acc,acc,acc,,,,,,,,,,,,,,,,,,,,,,,,,,,,,,,,,,,,,,,,,,,,
96,r2,r2,r2,r2,r2,r2,r2,r2,r2,r2,r2,r2,r2,r2,r2,r2,r2,r2,r2,r2,r2,r2,r2,r2,r2,r2,r2,r2,r2,r2,r2,r2,r2,r2,r2,r2,r2,r2,r2,r2,r2,r2,r2,r2,r2,r2,r2,r2,r2,r2,r2,r2,r2,r2,r2,r2,r2,r2,r2,r2,r2,r2,r2,r2,r2,r2,r2,,,,,,,,,,,,,,,,,,,,,,,,,,,,,,,,,,,,,,,,,,,,
97,r40,r40,r40,r40,r40,r40,r40,r40,r40,r40,r40,r40,r40,r40,r40,r40,r40,r40,r40,r40,r40,r40,r40,r40,r40,r40,r40,r40,r40,r40,r40,r40,r40,r40,r40,r40,r40,r40,r40,r40,r40,r40,r40,r40,r40,r40,r40,r40,r40,r40,r40,r40,r40,r40,r40,r40,r40,r40,r40,r40,r40,r40,r40,r40,r40,r40,r40,,,,,,,,,,,,,,,,,,,,,,,,,,,,,,,,,,,,,,,,,,,,
98,s12,,,,,,s24,,,,,s10,,,s8,s11,,,,,,,,,,,,,,,,,s5,s2,s3,s1,,s4,s26,,,,,,,,,,,,,,,s23,,s6,,,,,,,,,,s9,,60,,,51,49,50,,,71,53,,,,,,,52,,,56,,,,,,,,149,,,,59,,,54,,55,,,,57,,,
99,s12,,,,,,s24,,,,,s10,,,s8,s11,,,,,,,,,,,,,,,,,s5,s2,s3,s1,,s4,s26,,,,,,,,,,,,,,,s23,,s6,,,,,,,,,,s9,,60,,150,51,49,50,,,58,53,,,,,,,52,,,56,,,,,,,,48,47,,,59,,,54,,55,46,,,57,,,
100,s12,,,,,,s24,,,,,s10,,,s8,s11,,,,,,,,,,,,,,,,,s5,s2,s3,s1,,s4,s26,,,,,,,,,,,,,,,s23,,s6,,,,,,,,,,s9,,60,,,51,151,50,,,71,53,,,,,,,52,,,56,,,,,,,,,,,,59,,,54,,55,,,,57,,,
101,s12,,,,,,s24,,,,,s10,,,s8,s11,,,,,,,,,,,,,,,,,s5,s2,s3,s1,,s4,s26,,,,,,,,,,,,,,,s23,,s6,,,,,,,,,,s9,,60,,,51,,152,,,71,53,,,,,,,52,,,56,,,,,,,,,,,,59,,,54,,55,,,,57,,,
102,s12,,,,,,s24,,,,,s10,,,s8,s11,,,,,,,,,,,,,,,,,s5,s2,s3,s1,,s4,s26,,,,,,,,,,,,,,,s23,,s6,,,,,,,,,,s9,,60,,,153,,,,,71,53,,,,,,,52,,,56,,,,,,,,,,,,59,,,54,,55,,,,57,,,
103,s12,,,,,,s24,,,,,s10,,,s8,s11,,,,,,,,,,,,,,,,,s5,s2,s3,s1,,s4,s26,,,,,,,,,,,,,,,s23,,s6,,,,,,,,,,s9,,60,,,,,,,,71,53,,,,,,,154,,,56,,,,,,,,,,,,59,,,54,,55,,,,57,,,
104,s12,,,,,,s24,,,,,s10,,,s8,s11,,,,,,,,,,,,,,,,,s5,s2,s3,s1,,s4,s26,,,,,,,,,,,,,,,s23,,s6,,,,,,,,,,s9,,60,,,,,,,,71,155,,,,,,,,,,56,,,,,,,,,,,,59,,,54,,55,,,,57,,,
105,s12,,,,,,s24,,,,,s10,,,s8,s11,,,,,,,,,,,,,,,,,s5,s2,s3,s1,,s4,s26,,,,,,,,,,,,,,,s23,,s6,,,,,,,,,,s9,,60,,,,,,,,71,156,,,,,,,,,,56,,,,,,,,,,,,59,,,54,,55,,,,57,,,
106,s12,,,,,,s24,,,,,s10,,,s8,s11,,,,,,,,,,,,,,,,,s5,s2,s3,s1,,s4,s26,,,,,,,,,,,,,,,s23,,s6,,,,,,,,,,s9,,60,,,,,,,,71,,,,,,,,,,,56,,,,,,,,,,,,59,,,157,,55,,,,57,,,
107,s12,,,,,,s24,,,,,s10,,,s8,s11,,,,,,,,,,,,,,,,,s5,s2,s3,s1,,s4,s26,,,,,,,,,,,,,,,s23,,s6,,,,,,,,,,s9,,60,,,,,,,,71,,,,,,,,,,,56,,,,,,,,,,,,59,,,158,,55,,,,57,,,
108,s12,,,,,,s24,,,,,s10,,,s8,s11,,,,,,,,,,,,,,,,,s5,s2,s3,s1,,s4,s26,,,,,,,,,,,,,,,s23,,s6,,,,,,,,,,s9,,60,,,,,,,,71,,,,,,,,,,,56,,,,,,,,,,,,59,,,159,,55,,,,57,,,
109,s12,,,,,,s24,,,,,s10,,,s8,s11,,,,,,,,,,,,,,,,,s5,s2,s3,s1,,s4,s26,,,,,,,,,,,,,,,s23,,s6,,,,,,,,,,s9,,60,,,,,,,,71,,,,,,,,,,,56,,,,,,,,,,,,59,,,160,,55,,,,57,,,
110,s12,,,,,,s24,,,,,s10,,,s8,s11,,,,,,,,,,,,,,,,,s5,s2,s3,s1,,s4,s26,,,,,,,,,,,,,,,s23,,s6,,,,,,,,,,s9,,60,,,,,,,,71,,,,,,,,,,,56,,,,,,,,,,,,59,,,,,161,,,,57,,,
111,s12,,,,,,s24,,,,,s10,,,s8,s11,,,,,,,,,,,,,,,,,s5,s2,s3,s1,,s4,s26,,,,,,,,,,,,,,,s23,,s6,,,,,,,,,,s9,,60,,,,,,,,71,,,,,,,,,,,56,,,,,,,,,,,,59,,,,,162,,,,57,,,
112,s12,,,,,,s24,,,,,s10,,,s8,s11,,,,,,,,,,,,,,,,,s5,s2,s3,s1,,s4,s26,,,,,,,,,,,,,,,s23,,s6,,,,,,,,,,s9,,60,,,,,,,,71,,,,,,,,,,,163,,,,,,,,,,,,59,,,,,,,,,57,,,
113,s12,,,,,,s24,,,,,s10,,,s8,s11,,,,,,,,,,,,,,,,,s5,s2,s3,s1,,s4,s26,,,,,,,,,,,,,,,s23,,s6,,,,,,,,,,s9,,60,,,,,,,,71,,,,,,,,,,,164,,,,,,,,,,,,59,,,,,,,,,57,,,
114,s12,,,,,,s24,,,,,s10,,,s8,s11,,,,,,,,,,,,,,,,,s5,s2,s3,s1,,s4,s26,,,,,,,,,,,,,,,s23,,s6,,,,,,,,,,s9,,60,,,,,,,,71,,,,,,,,,,,,,,,,,,,,,,,59,,,,,,,,,165,,,
115,s12,,,,,,s24,,,,,s10,,,s8,s11,,,,,,,,,,,,,,,,,s5,s2,s3,s1,,s4,s26,,,,,,,,,,,,,,,s23,,s6,,,,,,,,,,s9,,60,,,,,,,,71,,,,,,,,,,,,,,,,,,,,,,,59,,,,,,,,,166,,,
116,s12,,,,,,s24,,,,,s10,,,s8,s11,,,,,,,,,,,,,,,,,s5,s2,s3,s1,,s4,s26,,,,,,,,,,,,,,,s23,,s6,,,,,,,,,,s9,,60,,,,,,,,71,,,,,,,,,,,,,,,,,,,,,,,59,,,,,,,,,167,,,
117,s12,,,,,,s24,,,,,s10,,,s8,s11,,,,,,,,,,,,,,,,,s5,s2,s3,s1,,s4,s26,,,,,,,,,,,,,,,s23,,s6,,,,,,,,,,s9,,60,,168,51,49,50,,,58,53,,,,,,,52,,,56,,,,,,,,48,47,,,59,,,54,,55,46,,,57,,,
118,s12,,,,,,s24,,,,,s10,,,s8,s11,,,,,,,,,,,,,,,,,s5,s2,s3,s1,,s4,s26,,,,,,,,,,,,,,,s23,,s6,,,,,,,,,,s9,,60,,169,51,49,50,,,58,53,,,,,,,52,,,56,,,,,,,,48,47,,,59,,,54,,55,46,,,57,,,
119,s12,,,,,,s24,,,,,s10,,,s8,s11,,,,,,,,,,,,,,,,,s5,s2,s3,s1,,s4,s26,,,,,,,,,,,,,,,s23,,s6,,,,,,,,,,s9,,60,,170,51,49,50,,,58,53,,,,,,,52,,,56,,,,,,,,48,47,,,59,,,54,,55,46,,,57,,,
120,s12,,,,,,s24,,,,,s10,,,s8,s11,,,,,,,,,,,,,,,,,s5,s2,s3,s1,,s4,s26,,,,,,,,,,,,,,,s23,,s6,,,,,,,,,,s9,,60,,171,51,49,50,,,58,53,,,,,,,52,,,56,,,,,,,,48,47,,,59,,,54,,55,46,,,57,,,
121,s12,,,,,,s24,,,,,s10,,,s8,s11,,,,,,,,,,,,,,,,,s5,s2,s3,s1,,s4,s26,,,,,,,,,,,,,,,s23,,s6,,,,,,,,,,s9,,60,,172,51,49,50,,,58,53,,,,,,,52,,,56,,,,,,,,48,47,,,59,,,54,,55,46,,,57,,,
122,s12,,,,,,s24,,,,,s10,,,s8,s11,,,,,,,,,,,,,,,,,s5,s2,s3,s1,,s4,s26,,,,,,,,,,,,,,,s23,,s6,,,,,,,,,,s9,,60,,173,51,49,50,,,58,53,,,,,,,52,,,56,,,,,,,,48,47,,,59,,,54,,55,46,,,57,,,
123,r106,r106,r106,r106,r106,r106,r106,r106,r106,r106,r106,r106,r106,r106,r106,r106,r106,r106,r106,r106,r106,r106,r106,r106,r106,r106,r106,r106,r106,r106,r106,r106,r106,r106,r106,r106,r106,r106,r106,r106,r106,r106,r106,r106,r106,r106,r106,r106,r106,r106,r106,r106,r106,r106,r106,r106,r106,r106,r106,r106,r106,r106,r106,r106,r106,r106,r106,,,,,,,,,,,,,,,,,,,,,,,,,,,,,,,,,,,,,,,,,,,,
124,r107,r107,r107,r107,r107,r107,r107,r107,r107,r107,r107,r107,r107,r107,r107,r107,r107,r107,r107,r107,r107,r107,r107,r107,r107,r107,r107,r107,r107,r107,r107,r107,r107,r107,r107,r107,r107,r107,r107,r107,r107,r107,r107,r107,r107,r107,r107,r107,r107,r107,r107,r107,r107,r107,r107,r107,r107,r107,r107,r107,r107,r107,r107,r107,r107,r107,r107,,,,,,,,,,,,,,,,,,,,,,,,,,,,,,,,,,,,,,,,,,,,
125,s12,,,,,,s24,s174,,,,s10,,,s8,s11,,,,,,,,,,,,,,,,,s5,s2,s3,s1,,s4,s26,,,,,,,,,,,,,,,s23,,s6,,,,,,,,,,s9,,60,176,45,51,49,50,,,58,53,,,,,,,52,,175,56,,,,,,,,48,47,,,59,,,54,,55,46,,,57,,,
126,s12,,,,,,s24,,,,,s10,,,s8,s11,,,,,,,,,,,,,,,,,s5,s2,s3,s1,,s4,s26,,,,,,,,,,,,,,,s23,,s6,,,,,,,,,,s9,,60,,45,51,49,50,,,58,53,,,,,,,52,,177,56,,,,,,,,48,47,,,59,,,54,,55,46,,,57,,,
127,,,,,,,,,,,,,,,,,,,,,,,,,,,,,,,,,,,s178,,,,,,,,,,,,,,,,,,,,,,,,,,,,,,,,,,,,,,,,,,,,,,,,,,,,,,,,,,,,,,,,,,,,,,,,,,,,
128,,,,,,,,,,,,,,,,,,,,,,,,,,,,,,,,,,,,s179,,,,,,,,,,,,,,,,,,,,,,,,,,,,,,,,,,,,,,,,,,,,,,,,,,,,,,,,,,,,,,,,,,,,,,,,,,,
129,,,,,,,,,,,,,,,,,,,,,,,s181,,,,s180,,,,,,,,,,,,,,,,,,,,,,,,,,,,,,,,,,,,,,,,,,,,,,,,,,,,,,,,,,,,,,,,,,,,,,,,,,,,,,,,,,,,
130,r49,r49,r49,r49,r49,r49,r49,r49,r49,r49,r49,r49,r49,r49,r49,r49,r49,r49,r49,r49,r49,r49,r49,r49,r49,r49,r49,r49,r49,r49,r49,r49,r49,r49,r49,r49,r49,r49,r49,r49,r49,r49,r49,r49,r49,r49,r49,r49,r49,r49,r49,r49,r49,r49,r49,r49,r49,r49,r49,r49,r49,r49,r49,r49,r49,r49,r49,,,,,,,,,,,,,,,,,,,,,,,,,,,,,,,,,,,,,,,,,,,,
131,,,,,,,,s182,,,,,,,,,,,,,,,,,,,,,,,,,,,,,,,,,,,,,,,,,,,,,,,,,,,,,,,,,,,,,,,,,,,,,,,,,,,,,,,,,,,,,,,,,,,,,,,,,,,,,,,
132,r44,r44,r44,r44,r44,r44,r44,r44,r44,r44,r44,r44,r44,r44,r44,r44,r44,r44,r44,r44,r44,r44,r44,r44,r44,r44,r44,r44,r44,r44,r44,r44,r44,r44,r44,r44,r44,r44,r44,r44,r44,r44,r44,r44,r44,r44,r44,r44,r44,r44,r44,r44,r44,r44,r44,r44,r44,r44,r44,r44,r44,r44,r44,r44,r44,r44,r44,,,,,,,,,,,,,,,,,,,,,,,,,,,,,,,,,,,,,,,,,,,,
133,r42,r42,r42,r42,r42,r42,r42,r42,r42,r42,r42,r42,r42,r42,r42,r42,r42,r42,r42,r42,r42,r42,r42,r42,r42,r42,r42,r42,r42,r42,r42,r42,r42,r42,r42,r42,r42,r42,r42,r42,r42,r42,r42,r42,r42,r42,r42,r42,r42,r42,r42,r42,r42,r42,r42,r42,r42,r42,r42,r42,r42,r42,r42,r42,r42,r42,r42,,,,,,,,,,,,,,,,,,,,,,,,,,,,,,,,,,,,,,,,,,,,
134,r43,r43,r43,r43,r43,r43,r43,r43,r43,r43,r43,r43,r43,r43,r43,r43,r43,r43,r43,r43,r43,r43,r43,r43,r43,r43,r43,r43,r43,r43,r43,r43,r43,r43,r43,r43,r43,r43,r43,r43,r43,r43,r43,r43,r43,r43,r43,r43,r43,r43,r43,r43,r43,r43,r43,r43,r43,r43,r43,r43,r43,r43,r43,r43,r43,r43,r43,,,,,,,,,,,,,,,,,,,,,,,,,,,,,,,,,,,,,,,,,,,,
135,s12,r46,r46,r46,r46,r46,s24,r46,r46,r46,r46,s10,r46,r46,s8,s11,r46,r46,r46,r46,r46,r46,r46,r46,r46,r46,r46,r46,r46,r46,r46,r46,s5,s2,s3,s1,r46,s4,s26,r46,r46,r46,r46,r46,r46,r46,r46,r46,r46,r46,r46,r46,r46,s23,r46,s6,r46,r46,r46,r46,r46,r46,r46,r46,r46,s9,r46,60,,45,51,49,50,,,58,53,,,,,,,52,,184,56,,,,,,,,48,47,183,,59,,,54,,55,46,,,57,,,
136,,,,,,,s185,,,,,,,,,,,,,,,,,,,,,,,,,,,,,,,,,,,,,,,,,,,,,,,,,,,,,,,,,,,,,,,,,,,,,,,,,,,,,,,,,,,,,,,,,,,,,,,,,,,,,,,,
137,,,,,,,,s186,,,,,,,,,,,,,,,,,,,,,,,,,,,,,,,,,,,,,,,,,,,,,,,,,,,,,,,,,,,,,,,,,,,,,,,,,,,,,,,,,,,,,,,,,,,,,,,,,,,,,,,
138,,,,,,,,,,,,,,,,,,,,,,,,,,,,,,,,,,,,,,,,,,,,,,,,,,,s21,,,,,,,,s20,s7,,,,,,,,,,,,,,,,,,,,,,,,,,,,,,188,,,190,189,,,,,,,,,,,,187,,,191,,
139,r9,r9,r9,r9,r9,r9,r9,r9,r9,r9,r9,r9,r9,r9,r9,r9,r9,r9,r9,r9,r9,r9,r9,r9,r9,r9,r9,r9,r9,r9,r9,r9,r9,r9,r9,r9,r9,r9,r9,r9,r9,r9,r9,r9,r9,r9,r9,r9,r9,r9,r9,r9,r9,r9,r9,r9,r9,r9,r9,r9,r9,r9,r9,r9,r9,r9,r9,,,,,,,,,,,,,,,,,,,,,,,,,,,,,,,,,,,,,,,,,,,,
140,r50,r50,r50,r50,r50,r50,r50,r50,r50,r50,r50,r50,r50,r50,r50,r50,r50,r50,r50,r50,r50,r50,r50,r50,r50,r50,r50,r50,r50,r50,r50,r50,r50,r50,r50,r50,r50,r50,r50,r50,r50,r50,r50,r50,r50,r50,r50,r50,r50,r50,r50,r50,r50,r50,r50,r50,r50,r50,r50,r50,r50,r50,r50,r50,r50,r50,r50,,,,,,,,,,,,,,,,,,,,,,,,,,,,,,,,,,,,,,,,,,,,
141,,,,,,,,,,,,,,,,,,,,,,s192,,,,,,,,,,,,,,,,,,,,,,,,,,,,,,,,,,,,,,,,,,,,,,,,,,,,,,,,,,,,,,,,,,,,,,,,,,,,,,,,,,,,,,,,,
142,,,,,,,,,,,,,,,,,,s193,,,,,,,,,,,,,,,,,,,,,,,,,,,,,,,,,,,,,,,,,,,,,,,,,,,,,,,,,,,,,,,,,,,,,,,,,,,,,,,,,,,,,,,,,,,,,
143,,,,,,,,s194,,,,,,s195,,,,,,,,,,,,,,,,,,,,,,,,,,,,,,,,,,,,,,,,,,,,,,,,,,,,,,,,,,,,,,,,,,,,,,,,,,,,,,,,,,,,,,,,,,,,,,,,,
144,r13,r13,r13,r13,r13,r13,r13,r13,r13,r13,r13,r13,r13,r13,r13,r13,r13,r13,r13,r13,r13,r13,r13,r13,r13,r13,r13,r13,r13,r13,r13,r13,r13,r13,r13,r13,r13,r13,r13,r13,r13,r13,r13,r13,r13,r13,r13,r13,r13,r13,r13,r13,r13,r13,r13,r13,r13,r13,r13,r13,r13,r13,r13,r13,r13,r13,r13,,,,,,,,,,,,,,,,,,,,,,,,,,,,,,,,,,,,,,,,,,,,
145,r116,r116,r116,r116,r116,r116,r116,r116,r116,r116,r116,r116,r116,r116,r116,r116,r116,r116,r116,r116,r116,r116,r116,r116,r116,r116,r116,r116,r116,r116,r116,r116,r116,r116,r116,r116,r116,r116,r116,r116,r116,r116,r116,r116,r116,r116,r116,r116,r116,r116,r116,r116,r116,r116,r116,r116,r116,r116,r116,r116,r116,r116,r116,r116,r116,r116,r116,,,,,,,,,,,,,,,,,,,,,,,,,,,,,,,,,,,,,,,,,,,,
146,r56,r56,r56,r56,r56,r56,r56,r56,r56,r56,r56,r56,r56,r56,r56,r56,r56,r56,r56,r56,r56,r56,r56,r56,r56,r56,r56,r56,r56,r56,r56,r56,r56,r56,r56,r56,r56,r56,r56,r56,r56,r56,r56,r56,r56,r56,r56,r56,r56,r56,r56,r56,r56,r56,r56,r56,r56,r56,r56,r56,r56,r56,r56,r56,r56,r56,r56,,,,,,,,,,,,,,,,,,,,,,,,,,,,,,,,,,,,,,,,,,,,
147,r117,r117,r117,r117,r117,r117,r117,r117,r117,r117,r117,r117,r117,r117,r117,r117,r117,r117,r117,r117,r117,r117,r117,r117,r117,r117,r117,r117,r117,r117,r117,r117,r117,r117,r117,r117,r117,r117,r117,r117,r117,r117,r117,r117,r117,r117,r117,r117,r117,r117,r117,r117,r117,r117,r117,r117,r117,r117,r117,r117,r117,r117,r117,r117,r117,r117,r117,,,,,,,,,,,,,,,,,,,,,,,,,,,,,,,,,,,,,,,,,,,,
148,s12,,,,,,s24,,,,,s10,,,s8,s11,,,,,,,,,,,,,,,,,s5,s2,s3,s1,,s4,s26,,,,,,,,,,,,,,,s23,,s6,,,,,,,,,,s9,,60,,45,51,49,50,,,58,53,,,,,,,52,,196,56,,,,,,,,48,47,,,59,,,54,,55,46,,,57,,,
149,r68,r68,r68,r68,r68,s100,r68,r68,r68,r68,r68,r68,r68,r68,r68,r68,r68,r68,r68,r68,r68,r68,r68,r68,r68,r68,r68,r68,r68,r68,r68,r68,r68,r68,r68,r68,r68,r68,r68,r68,r68,r68,r68,r68,r68,r68,r68,r68,r68,r68,r68,r68,r68,r68,r68,r68,r68,r68,r68,r68,r68,r68,r68,r68,r68,r68,r68,,,,,,,,,,,,,,,,,,,,,,,,,,,,,,,,,,,,,,,,,,,,
150,,,,,,,,,,,,,,,,,,,,,,s197,,,,,,,,,,,,,,,,,,,,,,,,,,,,,,,,,,,,,,,,,,,,,,,,,,,,,,,,,,,,,,,,,,,,,,,,,,,,,,,,,,,,,,,,,
151,r70,r70,r70,r70,r70,r70,r70,r70,r70,r70,r70,r70,r70,r70,r70,r70,r70,r70,r70,r70,r70,r70,r70,r70,r70,r70,r70,r70,r70,r70,r70,r70,r70,r70,r70,r70,r70,r70,r70,r70,r70,r70,r70,r70,r70,r70,r70,r70,r70,r70,r70,r70,r70,r70,r70,r70,r70,r70,r70,r70,r70,r70,s101,r70,r70,r70,r70,,,,,,,,,,,,,,,,,,,,,,,,,,,,,,,,,,,,,,,,,,,,
152,r72,r72,r72,r72,r72,r72,r72,r72,r72,r72,r72,r72,r72,r72,r72,r72,r72,r72,r72,r72,r72,r72,r72,r72,r72,r72,r72,r72,r72,r72,r72,r72,r72,r72,r72,r72,r72,r72,r72,r72,s102,r72,r72,r72,r72,r72,r72,r72,r72,r72,r72,r72,r72,r72,r72,r72,r72,r72,r72,r72,r72,r72,r72,r72,r72,r72,r72,,,,,,,,,,,,,,,,,,,,,,,,,,,,,,,,,,,,,,,,,,,,
153,r74,r74,r74,r74,s103,r74,r74,r74,r74,r74,r74,r74,r74,r74,r74,r74,r74,r74,r74,r74,r74,r74,r74,r74,r74,r74,r74,r74,r74,r74,r74,r74,r74,r74,r74,r74,r74,r74,r74,r74,r74,r74,r74,r74,r74,r74,r74,r74,r74,r74,r74,r74,r74,r74,r74,r74,r74,r74,r74,r74,r74,r74,r74,r74,r74,r74,r74,,,,,,,,,,,,,,,,,,,,,,,,,,,,,,,,,,,,,,,,,,,,
154,r76,s104,r76,r76,r76,r76,r76,r76,r76,r76,r76,r76,r76,r76,r76,r76,r76,r76,r76,r76,r76,r76,r76,r76,r76,r76,r76,s105,r76,r76,r76,r76,r76,r76,r76,r76,r76,r76,r76,r76,r76,r76,r76,r76,r76,r76,r76,r76,r76,r76,r76,r76,r76,r76,r76,r76,r76,r76,r76,r76,r76,r76,r76,r76,r76,r76,r76,,,,,,,,,,,,,,,,,,,,,,,,,,,,,,,,,,,,,,,,,,,,
155,r78,r78,r78,r78,r78,r78,r78,r78,r78,r78,r78,r78,r78,r78,r78,r78,r78,r78,r78,r78,r78,r78,r78,s106,r78,s108,r78,r78,s107,s109,r78,r78,r78,r78,r78,r78,r78,r78,r78,r78,r78,r78,r78,r78,r78,r78,r78,r78,r78,r78,r78,r78,r78,r78,r78,r78,r78,r78,r78,r78,r78,r78,r78,r78,r78,r78,r78,,,,,,,,,,,,,,,,,,,,,,,,,,,,,,,,,,,,,,,,,,,,
156,r79,r79,r79,r79,r79,r79,r79,r79,r79,r79,r79,r79,r79,r79,r79,r79,r79,r79,r79,r79,r79,r79,r79,s106,r79,s108,r79,r79,s107,s109,r79,r79,r79,r79,r79,r79,r79,r79,r79,r79,r79,r79,r79,r79,r79,r79,r79,r79,r79,r79,r79,r79,r79,r79,r79,r79,r79,r79,r79,r79,r79,r79,r79,r79,r79,r79,r79,,,,,,,,,,,,,,,,,,,,,,,,,,,,,,,,,,,,,,,,,,,,
157,r82,r82,r82,r82,r82,r82,r82,r82,r82,r82,r82,r82,r82,r82,r82,r82,r82,r82,r82,r82,r82,r82,r82,r82,s110,r82,r82,r82,r82,r82,s111,r82,r82,r82,r82,r82,r82,r82,r82,r82,r82,r82,r82,r82,r82,r82,r82,r82,r82,r82,r82,r82,r82,r82,r82,r82,r82,r82,r82,r82,r82,r82,r82,r82,r82,r82,r82,,,,,,,,,,,,,,,,,,,,,,,,,,,,,,,,,,,,,,,,,,,,
158,r81,r81,r81,r81,r81,r81,r81,r81,r81,r81,r81,r81,r81,r81,r81,r81,r81,r81,r81,r81,r81,r81,r81,r81,s110,r81,r81,r81,r81,r81,s111,r81,r81,r81,r81,r81,r81,r81,r81,r81,r81,r81,r81,r81,r81,r81,r81,r81,r81,r81,r81,r81,r81,r81,r81,r81,r81,r81,r81,r81,r81,r81,r81,r81,r81,r81,r81,,,,,,,,,,,,,,,,,,,,,,,,,,,,,,,,,,,,,,,,,,,,
159,r84,r84,r84,r84,r84,r84,r84,r84,r84,r84,r84,r84,r84,r84,r84,r84,r84,r84,r84,r84,r84,r84,r84,r84,s110,r84,r84,r84,r84,r84,s111,r84,r84,r84,r84,r84,r84,r84,r84,r84,r84,r84,r84,r84,r84,r84,r84,r84,r84,r84,r84,r84,r84,r84,r84,r84,r84,r84,r84,r84,r84,r84,r84,r84,r84,r84,r84,,,,,,,,,,,,,,,,,,,,,,,,,,,,,,,,,,,,,,,,,,,,
160,r83,r83,r83,r83,r83,r83,r83,r83,r83,r83,r83,r83,r83,r83,r83,r83,r83,r83,r83,r83,r83,r83,r83,r83,s110,r83,r83,r83,r83,r83,s111,r83,r83,r83,r83,r83,r83,r83,r83,r83,r83,r83,r83,r83,r83,r83,r83,r83,r83,r83,r83,r83,r83,r83,r83,r83,r83,r83,r83,r83,r83,r83,r83,r83,r83,r83,r83,,,,,,,,,,,,,,,,,,,,,,,,,,,,,,,,,,,,,,,,,,,,
161,r86,r86,r86,r86,r86,r86,r86,r86,r86,r86,s112,r86,r86,r86,s113,r86,r86,r86,r86,r86,r86,r86,r86,r86,r86,r86,r86,r86,r86,r86,r86,r86,r86,r86,r86,r86,r86,r86,r86,r86,r86,r86,r86,r86,r86,r86,r86,r86,r86,r86,r86,r86,r86,r86,r86,r86,r86,r86,r86,r86,r86,r86,r86,r86,r86,r86,r86,,,,,,,,,,,,,,,,,,,,,,,,,,,,,,,,,,,,,,,,,,,,
162,r87,r87,r87,r87,r87,r87,r87,r87,r87,r87,s112,r87,r87,r87,s113,r87,r87,r87,r87,r87,r87,r87,r87,r87,r87,r87,r87,r87,r87,r87,r87,r87,r87,r87,r87,r87,r87,r87,r87,r87,r87,r87,r87,r87,r87,r87,r87,r87,r87,r87,r87,r87,r87,r87,r87,r87,r87,r87,r87,r87,r87,r87,r87,r87,r87,r87,r87,,,,,,,,,,,,,,,,,,,,,,,,,,,,,,,,,,,,,,,,,,,,
163,r89,r89,s116,r89,r89,r89,r89,r89,s114,r89,r89,r89,r89,r89,r89,r89,r89,r89,r89,s115,r89,r89,r89,r89,r89,r89,r89,r89,r89,r89,r89,r89,r89,r89,r89,r89,r89,r89,r89,r89,r89,r89,r89,r89,r89,r89,r89,r89,r89,r89,r89,r89,r89,r89,r89,r89,r89,r89,r89,r89,r89,r89,r89,r89,r89,r89,r89,,,,,,,,,,,,,,,,,,,,,,,,,,,,,,,,,,,,,,,,,,,,
164,r90,r90,s116,r90,r90,r90,r90,r90,s114,r90,r90,r90,r90,r90,r90,r90,r90,r90,r90,s115,r90,r90,r90,r90,r90,r90,r90,r90,r90,r90,r90,r90,r90,r90,r90,r90,r90,r90,r90,r90,r90,r90,r90,r90,r90,r90,r90,r90,r90,r90,r90,r90,r90,r90,r90,r90,r90,r90,r90,r90,r90,r90,r90,r90,r90,r90,r90,,,,,,,,,,,,,,,,,,,,,,,,,,,,,,,,,,,,,,,,,,,,
165,r93,r93,r93,r93,r93,r93,r93,r93,r93,r93,r93,r93,r93,r93,r93,r93,r93,r93,r93,r93,r93,r93,r93,r93,r93,r93,r93,r93,r93,r93,r93,r93,r93,r93,r93,r93,r93,r93,r93,r93,r93,r93,r93,r93,r93,r93,r93,r93,r93,r93,r93,r93,r93,r93,r93,r93,r93,r93,r93,r93,r93,r93,r93,r93,r93,r93,r93,,,,,,,,,,,,,,,,,,,,,,,,,,,,,,,,,,,,,,,,,,,,
166,r92,r92,r92,r92,r92,r92,r92,r92,r92,r92,r92,r92,r92,r92,r92,r92,r92,r92,r92,r92,r92,r92,r92,r92,r92,r92,r92,r92,r92,r92,r92,r92,r92,r92,r92,r92,r92,r92,r92,r92,r92,r92,r92,r92,r92,r92,r92,r92,r92,r92,r92,r92,r92,r92,r92,r92,r92,r92,r92,r92,r92,r92,r92,r92,r92,r92,r92,,,,,,,,,,,,,,,,,,,,,,,,,,,,,,,,,,,,,,,,,,,,
167,r94,r94,r94,r94,r94,r94,r94,r94,r94,r94,r94,r94,r94,r94,r94,r94,r94,r94,r94,r94,r94,r94,r94,r94,r94,r94,r94,r94,r94,r94,r94,r94,r94,r94,r94,r94,r94,r94,r94,r94,r94,r94,r94,r94,r94,r94,r94,r94,r94,r94,r94,r94,r94,r94,r94,r94,r94,r94,r94,r94,r94,r94,r94,r94,r94,r94,r94,,,,,,,,,,,,,,,,,,,,,,,,,,,,,,,,,,,,,,,,,,,,
168,r59,r59,r59,r59,r59,r59,r59,r59,r59,r59,r59,r59,r59,r59,r59,r59,r59,r59,r59,r59,r59,r59,r59,r59,r59,r59,r59,r59,r59,r59,r59,r59,r59,r59,r59,r59,r59,r59,r59,r59,r59,r59,r59,r59,r59,r59,r59,r59,r59,r59,r59,r59,r59,r59,r59,r59,r59,r59,r59,r59,r59,r59,r59,r59,r59,r59,r59,,,,,,,,,,,,,,,,,,,,,,,,,,,,,,,,,,,,,,,,,,,,
169,r60,r60,r60,r60,r60,r60,r60,r60,r60,r60,r60,r60,r60,r60,r60,r60,r60,r60,r60,r60,r60,r60,r60,r60,r60,r60,r60,r60,r60,r60,r60,r60,r60,r60,r60,r60,r60,r60,r60,r60,r60,r60,r60,r60,r60,r60,r60,r60,r60,r60,r60,r60,r60,r60,r60,r60,r60,r60,r60,r60,r60,r60,r60,r60,r60,r60,r60,,,,,,,,,,,,,,,,,,,,,,,,,,,,,,,,,,,,,,,,,,,,
170,r61,r61,r61,r61,r61,r61,r61,r61,r61,r61,r61,r61,r61,r61,r61,r61,r61,r61,r61,r61,r61,r61,r61,r61,r61,r61,r61,r61,r61,r61,r61,r61,r61,r61,r61,r61,r61,r61,r61,r61,r61,r61,r61,r61,r61,r61,r61,r61,r61,r61,r61,r61,r61,r61,r61,r61,r61,r61,r61,r61,r61,r61,r61,r61,r61,r61,r61,,,,,,,,,,,,,,,,,,,,,,,,,,,,,,,,,,,,,,,,,,,,
171,r62,r62,r62,r62,r62,r62,r62,r62,r62,r62,r62,r62,r62,r62,r62,r62,r62,r62,r62,r62,r62,r62,r62,r62,r62,r62,r62,r62,r62,r62,r62,r62,r62,r62,r62,r62,r62,r62,r62,r62,r62,r62,r62,r62,r62,r62,r62,r62,r62,r62,r62,r62,r62,r62,r62,r62,r62,r62,r62,r62,r62,r62,r62,r62,r62,r62,r62,,,,,,,,,,,,,,,,,,,,,,,,,,,,,,,,,,,,,,,,,,,,
172,r63,r63,r63,r63,r63,r63,r63,r63,r63,r63,r63,r63,r63,r63,r63,r63,r63,r63,r63,r63,r63,r63,r63,r63,r63,r63,r63,r63,r63,r63,r63,r63,r63,r63,r63,r63,r63,r63,r63,r63,r63,r63,r63,r63,r63,r63,r63,r63,r63,r63,r63,r63,r63,r63,r63,r63,r63,r63,r63,r63,r63,r63,r63,r63,r63,r63,r63,,,,,,,,,,,,,,,,,,,,,,,,,,,,,,,,,,,,,,,,,,,,
173,r64,r64,r64,r64,r64,r64,r64,r64,r64,r64,r64,r64,r64,r64,r64,r64,r64,r64,r64,r64,r64,r64,r64,r64,r64,r64,r64,r64,r64,r64,r64,r64,r64,r64,r64,r64,r64,r64,r64,r64,r64,r64,r64,r64,r64,r64,r64,r64,r64,r64,r64,r64,r64,r64,r64,r64,r64,r64,r64,r64,r64,r64,r64,r64,r64,r64,r64,,,,,,,,,,,,,,,,,,,,,,,,,,,,,,,,,,,,,,,,,,,,
174,r103,r103,r103,r103,r103,r103,r103,r103,r103,r103,r103,r103,r103,r103,r103,r103,r103,r103,r103,r103,r103,r103,r103,r103,r103,r103,r103,r103,r103,r103,r103,r103,r103,r103,r103,r103,r103,r103,r103,r103,r103,r103,r103,r103,r103,r103,r103,r103,r103,r103,r103,r103,r103,r103,r103,r103,r103,r103,r103,r103,r103,r103,r103,r103,r103,r103,r103,,,,,,,,,,,,,,,,,,,,,,,,,,,,,,,,,,,,,,,,,,,,
175,r121,r121,r121,r121,r121,r121,r121,r121,r121,r121,r121,r121,r121,r121,r121,r121,r121,r121,r121,r121,r121,r121,r121,r121,r121,r121,r121,r121,r121,r121,r121,r121,r121,r121,r121,r121,r121,r121,r121,r121,r121,r121,r121,r121,r121,r121,r121,r121,r121,r121,r121,r121,r121,r121,r121,r121,r121,r121,r121,r121,r121,r121,r121,r121,r121,r121,r121,,,,,,,,,,,,,,,,,,,,,,,,,,,,,,,,,,,,,,,,,,,,
176,,,,,,,,s198,,,,,,s199,,,,,,,,,,,,,,,,,,,,,,,,,,,,,,,,,,,,,,,,,,,,,,,,,,,,,,,,,,,,,,,,,,,,,,,,,,,,,,,,,,,,,,,,,,,,,,,,,
177,,,,,,,,,,,,,,,,,,,,,,,,,,,,,,,,,,,,,,,,s200,,,,,,,,,,,,,,,,,,,,,,,,,,,,,,,,,,,,,,,,,,,,,,,,,,,,,,,,,,,,,,,,,,,,,,,
178,r104,r104,r104,r104,r104,r104,r104,r104,r104,r104,r104,r104,r104,r104,r104,r104,r104,r104,r104,r104,r104,r104,r104,r104,r104,r104,r104,r104,r104,r104,r104,r104,r104,r104,r104,r104,r104,r104,r104,r104,r104,r104,r104,r104,r104,r104,r104,r104,r104,r104,r104,r104,r104,r104,r104,r104,r104,r104,r104,r104,r104,r104,r104,r104,r104,r104,r104,,,,,,,,,,,,,,,,,,,,,,,,,,,,,,,,,,,,,,,,,,,,
179,,,,,,,,,,,,,,,,,,,,,,,,,,,,,,,,,,,,,,,,s201,,,,,,,,,,,,,,,,,,,,,,,,,,,,,,,,,,,,,,,,,,,,,,,,,,,,,,,,,,,,,,,,,,,,,,,
180,s12,,,,,,s24,,,,,s10,,,s8,s11,,,,,,,,,,,,,,,,,s5,s2,s3,s1,,s4,s26,,,,,,,,,,,,,,,s23,,s6,,,,,,,,,,s9,,60,,45,51,49,50,,,58,53,,,,,,,52,,202,56,,,,,,,,48,47,,,59,,,54,,55,46,,,57,,,
181,r29,r29,r29,r29,r29,r29,r29,r29,r29,r29,r29,r29,r29,r29,r29,r29,r29,r29,r29,r29,r29,r29,r29,r29,r29,r29,r29,r29,r29,r29,r29,r29,r29,r29,r29,r29,r29,r29,r29,r29,r29,r29,r29,r29,r29,r29,r29,r29,r29,r29,r29,r29,r29,r29,r29,r29,r29,r29,r29,r29,r29,r29,r29,r29,r29,r29,r29,,,,,,,,,,,,,,,,,,,,,,,,,,,,,,,,,,,,,,,,,,,,
182,s12,,,,,,s24,,,,,s10,,,s8,s11,,,,,,,,,,,,,,,,,s5,s2,s3,s1,,s4,s26,,,,s18,s19,s16,,s13,,,s15,,s14,,s23,,s6,s22,,,,s17,s25,,,,s9,,60,,45,51,49,50,43,41,58,53,42,,,40,37,,52,34,44,56,,35,,,36,,,48,47,,,59,,38,54,203,55,46,,,57,,,39
183,,,,,,,,,,,,,,,,,,,,,,,s204,,,,,,,,,,,,,,,,,,,,,,,,,,,,,,,,,,,,,,,,,,,,,,,,,,,,,,,,,,,,,,,,,,,,,,,,,,,,,,,,,,,,,,,,
184,r45,r45,r45,r45,r45,r45,r45,r45,r45,r45,r45,r45,r45,r45,r45,r45,r45,r45,r45,r45,r45,r45,r45,r45,r45,r45,r45,r45,r45,r45,r45,r45,r45,r45,r45,r45,r45,r45,r45,r45,r45,r45,r45,r45,r45,r45,r45,r45,r45,r45,r45,r45,r45,r45,r45,r45,r45,r45,r45,r45,r45,r45,r45,r45,r45,r45,r45,,,,,,,,,,,,,,,,,,,,,,,,,,,,,,,,,,,,,,,,,,,,
185,s12,,,,,,s24,,,,,s10,,,s8,s11,,,,,,,,,,,,,,,,,s5,s2,s3,s1,,s4,s26,,,,,,,,,,,,,,,s23,,s6,,,,,,,,,,s9,,60,,45,51,49,50,,,58,53,,,,,,,52,,205,56,,,,,,,,48,47,,,59,,,54,,55,46,,,57,,,
186,s12,,,,,,s24,,,,,s10,,,s8,s11,,,,,,,,,,,,,,,,,s5,s2,s3,s1,,s4,s26,,,,s18,s19,s16,,s13,,,s15,,s14,,s23,,s6,s22,,,,s17,s25,,,,s9,,60,,45,51,49,50,43,41,58,53,42,,,40,37,,52,34,44,56,,35,,,36,,,48,47,,,59,,38,54,206,55,46,,,57,,,39
187,r26,r26,r26,r26,r26,r26,r26,r26,r26,r26,r26,r26,r26,r26,r26,r26,r26,r26,r26,r26,r26,r26,r26,r26,r26,r26,r26,r26,r26,r26,r26,r26,r26,r26,r26,r26,r26,r26,r26,r26,r26,r26,r26,r26,r26,r26,r26,r26,r26,r26,r26,r26,r26,r26,r26,r26,r26,r26,r26,r26,r26,r26,r26,r26,r26,r26,r26,,,,,,,,,,,,,,,,,,,,,,,,,,,,,,,,,,,,,,,,,,,,
188,r27,r27,r27,r27,r27,r27,r27,r27,r27,r27,r27,r27,r27,r27,r27,r27,r27,r27,r27,r27,r27,r27,r27,r27,r27,r27,r27,r27,r27,r27,r27,r27,r27,r27,r27,r27,r27,r27,r27,r27,r27,r27,r27,r27,r27,r27,r27,r27,r27,r27,r27,r27,r27,r27,r27,r27,r27,r27,r27,r27,r27,r27,r27,r27,r27,r27,r27,,,,,,,,,,,,,,,,,,,,,,,,,,,,,,,,,,,,,,,,,,,,
189,,,,,,,,,,,,,,,,,,,,,,,,,,,,,,,,,,,,,,,,,,,,,,,,,,,s21,,,,,,,,s20,s7,,,,,s207,,,,,,,,,,,,,,,,,,,,,,,,,188,,,208,,,,,,,,,,,,,187,,,191,,
190,r24,r24,r24,r24,r24,r24,r24,r24,r24,r24,r24,r24,r24,r24,r24,r24,r24,r24,r24,r24,r24,r24,r24,r24,r24,r24,r24,r24,r24,r24,r24,r24,r24,r24,r24,r24,r24,r24,r24,r24,r24,r24,r24,r24,r24,r24,r24,r24,r24,r24,r24,r24,r24,r24,r24,r24,r24,r24,r24,r24,r24,r24,r24,r24,r24,r24,r24,,,,,,,,,,,,,,,,,,,,,,,,,,,,,,,,,,,,,,,,,,,,
191,r25,r25,r25,r25,r25,r25,r25,r25,r25,r25,r25,r25,r25,r25,r25,r25,r25,r25,r25,r25,r25,r25,r25,r25,r25,r25,r25,r25,r25,r25,r25,r25,r25,r25,r25,r25,r25,r25,r25,r25,r25,r25,r25,r25,r25,r25,r25,r25,r25,r25,r25,r25,r25,r25,r25,r25,r25,r25,r25,r25,r25,r25,r25,r25,r25,r25,r25,,,,,,,,,,,,,,,,,,,,,,,,,,,,,,,,,,,,,,,,,,,,
192,,,,,,,,,,,,,,,,,,,,,,,,,,,,,,,,,,,s61,,,,,,,s66,,,,s68,,,s64,,,,s63,,s67,s62,,s65,,,,,,,,,,,,,,,,,,,,,,,,,,,,,,,,,,,,,,,,,,,,,,,,,,,,209,
193,,,,,,,,,,,,,,,,,,,,,,,,,,,,,,,,,,,s61,,,,,,,s66,,,,s68,,,s64,,,,s63,,s67,s62,,s65,,,,,,,,,,,,,,,,,,,,,,,,,,,,,,,,,,,,,,,,,,,,,,,,,,,,210,
194,,,,,,,,,,,,,,,,,,s211,,,,,,,,,,,,,,,,,,,,,,,,,,,,,,,,,,,,,,,,,,,,,,,,,,,,,,,,,,,,,,,,,,,,,,,,,,,,,,,,,,,,,,,,,,,,,
195,,,,,,,,,,,,,,,,,,,,,,,,,,,,,,,,,,,s141,,,,,,,,,,,,,,,,,,,,,,,,,,,,,,,,,,,,,,,,,,,,,,,,,,,,,,,,,,,,,,,,,,,,,,,,212,,,,
196,r122,r122,r122,r122,r122,r122,r122,r122,r122,r122,r122,r122,r122,r122,r122,r122,r122,r122,r122,r122,r122,r122,r122,r122,r122,r122,r122,r122,r122,r122,r122,r122,r122,r122,r122,r122,r122,r122,r122,r122,r122,r122,r122,r122,r122,r122,r122,r122,r122,r122,r122,r122,r122,r122,r122,r122,r122,r122,r122,r122,r122,r122,r122,r122,r122,r122,r122,,,,,,,,,,,,,,,,,,,,,,,,,,,,,,,,,,,,,,,,,,,,
197,s12,,,,,,s24,,,,,s10,,,s8,s11,,,,,,,,,,,,,,,,,s5,s2,s3,s1,,s4,s26,,,,,,,,,,,,,,,s23,,s6,,,,,,,,,,s9,,60,,213,51,49,50,,,58,53,,,,,,,52,,,56,,,,,,,,48,47,,,59,,,54,,55,46,,,57,,,
198,r102,r102,r102,r102,r102,r102,r102,r102,r102,r102,r102,r102,r102,r102,r102,r102,r102,r102,r102,r102,r102,r102,r102,r102,r102,r102,r102,r102,r102,r102,r102,r102,r102,r102,r102,r102,r102,r102,r102,r102,r102,r102,r102,r102,r102,r102,r102,r102,r102,r102,r102,r102,r102,r102,r102,r102,r102,r102,r102,r102,r102,r102,r102,r102,r102,r102,r102,,,,,,,,,,,,,,,,,,,,,,,,,,,,,,,,,,,,,,,,,,,,
199,s12,,,,,,s24,,,,,s10,,,s8,s11,,,,,,,,,,,,,,,,,s5,s2,s3,s1,,s4,s26,,,,,,,,,,,,,,,s23,,s6,,,,,,,,,,s9,,60,,45,51,49,50,,,58,53,,,,,,,52,,214,56,,,,,,,,48,47,,,59,,,54,,55,46,,,57,,,
200,r105,r105,r105,r105,r105,r105,r105,r105,r105,r105,r105,r105,r105,r105,r105,r105,r105,r105,r105,r105,r105,r105,r105,r105,r105,r105,r105,r105,r105,r105,r105,r105,r105,r105,r105,r105,r105,r105,r105,r105,r105,r105,r105,r105,r105,r105,r105,r105,r105,r105,r105,r105,r105,r105,r105,r105,r105,r105,r105,r105,r105,r105,r105,r105,r105,r105,r105,,,,,,,,,,,,,,,,,,,,,,,,,,,,,,,,,,,,,,,,,,,,
201,r20,r20,r20,r20,r20,r20,r20,r20,r20,r20,r20,r20,r20,r20,r20,r20,r20,r20,r20,r20,r20,r20,r20,r20,r20,r20,r20,r20,r20,r20,r20,r20,r20,r20,r20,r20,r20,r20,r20,r20,r20,r20,r20,r20,r20,r20,r20,r20,r20,r20,r20,r20,r20,r20,r20,r20,r20,r20,r20,r20,r20,r20,r20,r20,r20,r20,r20,,,,,,,,,,,,,,,,,,,,,,,,,,,,,,,,,,,,,,,,,,,,
202,,,,,,,,,,,,,,,,,,,,,,,s215,,,,,,,,,,,,,,,,,,,,,,,,,,,,,,,,,,,,,,,,,,,,,,,,,,,,,,,,,,,,,,,,,,,,,,,,,,,,,,,,,,,,,,,,
203,r48,r48,r48,r48,r48,r48,r48,r48,r48,r48,r48,r48,r48,r48,r48,r48,r48,r48,r48,r48,r48,r48,r48,r48,r48,r48,r48,r48,r48,r48,r48,r48,r48,r48,r48,r48,r48,r48,r48,r48,r48,r48,r48,r48,r48,r48,r48,s216,r48,r48,r48,r48,r48,r48,r48,r48,r48,r48,r48,r48,r48,r48,r48,r48,r48,r48,r48,,,,,,,,,,,,,,,,,,,,,,,,,,,,,,,,,,,,,,,,,,,,
204,s12,r46,r46,r46,r46,r46,s24,r46,r46,r46,r46,s10,r46,r46,s8,s11,r46,r46,r46,r46,r46,r46,r46,r46,r46,r46,r46,r46,r46,r46,r46,r46,s5,s2,s3,s1,r46,s4,s26,r46,r46,r46,r46,r46,r46,r46,r46,r46,r46,r46,r46,r46,r46,s23,r46,s6,r46,r46,r46,r46,r46,r46,r46,r46,r46,s9,r46,60,,45,51,49,50,,,58,53,,,,,,,52,,184,56,,,,,,,,48,47,217,,59,,,54,,55,46,,,57,,,
205,,,,,,,,s218,,,,,,,,,,,,,,,,,,,,,,,,,,,,,,,,,,,,,,,,,,,,,,,,,,,,,,,,,,,,,,,,,,,,,,,,,,,,,,,,,,,,,,,,,,,,,,,,,,,,,,,
206,r52,r52,r52,r52,r52,r52,r52,r52,r52,r52,r52,r52,r52,r52,r52,r52,r52,r52,r52,r52,r52,r52,r52,r52,r52,r52,r52,r52,r52,r52,r52,r52,r52,r52,r52,r52,r52,r52,r52,r52,r52,r52,r52,r52,r52,r52,r52,r52,r52,r52,r52,r52,r52,r52,r52,r52,r52,r52,r52,r52,r52,r52,r52,r52,r52,r52,r52,,,,,,,,,,,,,,,,,,,,,,,,,,,,,,,,,,,,,,,,,,,,
207,r8,r8,r8,r8,r8,r8,r8,r8,r8,r8,r8,r8,r8,r8,r8,r8,r8,r8,r8,r8,r8,r8,r8,r8,r8,r8,r8,r8,r8,r8,r8,r8,r8,r8,r8,r8,r8,r8,r8,r8,r8,r8,r8,r8,r8,r8,r8,r8,r8,r8,r8,r8,r8,r8,r8,r8,r8,r8,r8,r8,r8,r8,r8,r8,r8,r8,r8,,,,,,,,,,,,,,,,,,,,,,,,,,,,,,,,,,,,,,,,,,,,
208,r23,r23,r23,r23,r23,r23,r23,r23,r23,r23,r23,r23,r23,r23,r23,r23,r23,r23,r23,r23,r23,r23,r23,r23,r23,r23,r23,r23,r23,r23,r23,r23,r23,r23,r23,r23,r23,r23,r23,r23,r23,r23,r23,r23,r23,r23,r23,r23,r23,r23,r23,r23,r23,r23,r23,r23,r23,r23,r23,r23,r23,r23,r23,r23,r23,r23,r23,,,,,,,,,,,,,,,,,,,,,,,,,,,,,,,,,,,,,,,,,,,,
209,r14,r14,r14,r14,r14,r14,r14,r14,r14,r14,r14,r14,r14,r14,r14,r14,r14,r14,r14,r14,r14,r14,r14,r14,r14,r14,r14,r14,r14,r14,r14,r14,r14,r14,r14,r14,r14,r14,r14,r14,r14,r14,r14,r14,r14,r14,r14,r14,r14,r14,r14,r14,r14,r14,r14,r14,r14,r14,r14,r14,r14,r14,r14,r14,r14,r14,r14,,,,,,,,,,,,,,,,,,,,,,,,,,,,,,,,,,,,,,,,,,,,
210,,,,,,,,,,,,,,,,,,,,,,,,,,,,,,,,,,,,,,,,,,,,,,,,,,,,,,,,,,,,,,s25,,,,,,,,,,,,219,,,,,,,,,,,,,,,,,,,,,,,,,,,,,,,,,,,,,
211,,,,,,,,,,,,,,,,,,,,,,,,,,,,,,,,,,,s61,,,,,,,s66,,,,s68,,,s64,,,,s63,,s67,s62,,s65,,,,,,,,,,,,,,,,,,,,,,,,,,,,,,,,,,,,,,,,,,,,,,,,,,,,220,
212,r12,r12,r12,r12,r12,r12,r12,r12,r12,r12,r12,r12,r12,r12,r12,r12,r12,r12,r12,r12,r12,r12,r12,r12,r12,r12,r12,r12,r12,r12,r12,r12,r12,r12,r12,r12,r12,r12,r12,r12,r12,r12,r12,r12,r12,r12,r12,r12,r12,r12,r12,r12,r12,r12,r12,r12,r12,r12,r12,r12,r12,r12,r12,r12,r12,r12,r12,,,,,,,,,,,,,,,,,,,,,,,,,,,,,,,,,,,,,,,,,,,,
213,r66,r66,r66,r66,r66,r66,r66,r66,r66,r66,r66,r66,r66,r66,r66,r66,r66,r66,r66,r66,r66,r66,r66,r66,r66,r66,r66,r66,r66,r66,r66,r66,r66,r66,r66,r66,r66,r66,r66,r66,r66,r66,r66,r66,r66,r66,r66,r66,r66,r66,r66,r66,r66,r66,r66,r66,r66,r66,r66,r66,r66,r66,r66,r66,r66,r66,r66,,,,,,,,,,,,,,,,,,,,,,,,,,,,,,,,,,,,,,,,,,,,
214,r120,r120,r120,r120,r120,r120,r120,r120,r120,r120,r120,r120,r120,r120,r120,r120,r120,r120,r120,r120,r120,r120,r120,r120,r120,r120,r120,r120,r120,r120,r120,r120,r120,r120,r120,r120,r120,r120,r120,r120,r120,r120,r120,r120,r120,r120,r120,r120,r120,r120,r120,r120,r120,r120,r120,r120,r120,r120,r120,r120,r120,r120,r120,r120,r120,r120,r120,,,,,,,,,,,,,,,,,,,,,,,,,,,,,,,,,,,,,,,,,,,,
215,r28,r28,r28,r28,r28,r28,r28,r28,r28,r28,r28,r28,r28,r28,r28,r28,r28,r28,r28,r28,r28,r28,r28,r28,r28,r28,r28,r28,r28,r28,r28,r28,r28,r28,r28,r28,r28,r28,r28,r28,r28,r28,r28,r28,r28,r28,r28,r28,r28,r28,r28,r28,r28,r28,r28,r28,r28,r28,r28,r28,r28,r28,r28,r28,r28,r28,r28,,,,,,,,,,,,,,,,,,,,,,,,,,,,,,,,,,,,,,,,,,,,
216,s12,,,,,,s24,,,,,s10,,,s8,s11,,,,,,,,,,,,,,,,,s5,s2,s3,s1,,s4,s26,,,,s18,s19,s16,,s13,,,s15,,s14,,s23,,s6,s22,,,,s17,s25,,,,s9,,60,,45,51,49,50,43,41,58,53,42,,,40,37,,52,34,44,56,,35,,,36,,,48,47,,,59,,38,54,221,55,46,,,57,,,39
217,,,,,,,,s222,,,,,,,,,,,,,,,,,,,,,,,,,,,,,,,,,,,,,,,,,,,,,,,,,,,,,,,,,,,,,,,,,,,,,,,,,,,,,,,,,,,,,,,,,,,,,,,,,,,,,,,
218,,,,,,,,,,,,,,,,,,,,,,,s223,,,,,,,,,,,,,,,,,,,,,,,,,,,,,,,,,,,,,,,,,,,,,,,,,,,,,,,,,,,,,,,,,,,,,,,,,,,,,,,,,,,,,,,,
219,r11,r11,r11,r11,r11,r11,r11,r11,r11,r11,r11,r11,r11,r11,r11,r11,r11,r11,r11,r11,r11,r11,r11,r11,r11,r11,r11,r11,r11,r11,r11,r11,r11,r11,r11,r11,r11,r11,r11,r11,r11,r11,r11,r11,r11,r11,r11,r11,r11,r11,r11,r11,r11,r11,r11,r11,r11,r11,r11,r11,r11,r11,r11,r11,r11,r11,r11,,,,,,,,,,,,,,,,,,,,,,,,,,,,,,,,,,,,,,,,,,,,
220,,,,,,,,,,,,,,,,,,,,,,,,,,,,,,,,,,,,,,,,,,,,,,,,,,,,,,,,,,,,,,s25,,,,,,,,,,,,224,,,,,,,,,,,,,,,,,,,,,,,,,,,,,,,,,,,,,
221,r47,r47,r47,r47,r47,r47,r47,r47,r47,r47,r47,r47,r47,r47,r47,r47,r47,r47,r47,r47,r47,r47,r47,r47,r47,r47,r47,r47,r47,r47,r47,r47,r47,r47,r47,r47,r47,r47,r47,r47,r47,r47,r47,r47,r47,r47,r47,r47,r47,r47,r47,r47,r47,r47,r47,r47,r47,r47,r47,r47,r47,r47,r47,r47,r47,r47,r47,,,,,,,,,,,,,,,,,,,,,,,,,,,,,,,,,,,,,,,,,,,,
222,s12,,,,,,s24,,,,,s10,,,s8,s11,,,,,,,,,,,,,,,,,s5,s2,s3,s1,,s4,s26,,,,s18,s19,s16,,s13,,,s15,,s14,,s23,,s6,s22,,,,s17,s25,,,,s9,,60,,45,51,49,50,43,41,58,53,42,,,40,37,,52,34,44,56,,35,,,36,,,48,47,,,59,,38,54,225,55,46,,,57,,,39
223,r53,r53,r53,r53,r53,r53,r53,r53,r53,r53,r53,r53,r53,r53,r53,r53,r53,r53,r53,r53,r53,r53,r53,r53,r53,r53,r53,r53,r53,r53,r53,r53,r53,r53,r53,r53,r53,r53,r53,r53,r53,r53,r53,r53,r53,r53,r53,r53,r53,r53,r53,r53,r53,r53,r53,r53,r53,r53,r53,r53,r53,r53,r53,r53,r53,r53,r53,,,,,,,,,,,,,,,,,,,,,,,,,,,,,,,,,,,,,,,,,,,,
224,r10,r10,r10,r10,r10,r10,r10,r10,r10,r10,r10,r10,r10,r10,r10,r10,r10,r10,r10,r10,r10,r10,r10,r10,r10,r10,r10,r10,r10,r10,r10,r10,r10,r10,r10,r10,r10,r10,r10,r10,r10,r10,r10,r10,r10,r10,r10,r10,r10,r10,r10,r10,r10,r10,r10,r10,r10,r10,r10,r10,r10,r10,r10,r10,r10,r10,r10,,,,,,,,,,,,,,,,,,,,,,,,,,,,,,,,,,,,,,,,,,,,
225,r41,r41,r41,r41,r41,r41,r41,r41,r41,r41,r41,r41,r41,r41,r41,r41,r41,r41,r41,r41,r41,r41,r41,r41,r41,r41,r41,r41,r41,r41,r41,r41,r41,r41,r41,r41,r41,r41,r41,r41,r41,r41,r41,r41,r41,r41,r41,r41,r41,r41,r41,r41,r41,r41,r41,r41,r41,r41,r41,r41,r41,r41,r41,r41,r41,r41,r41,,,,,,,,,,,,,,,,,,,,,,,,,,,,,,,,,,,,,,,,,,,,
